"initial_alias","converted_alias","name","description","namespace"
"Q8WWI1","ENSP00000317802","LMO7","LIM domain 7 [Source:HGNC Symbol;Acc:HGNC:6646]","UNIPROTSWISSPROT_ACC"
"Q8WWI1","ENSP00000342112","LMO7","LIM domain 7 [Source:HGNC Symbol;Acc:HGNC:6646]","UNIPROTSWISSPROT_ACC"
"Q8WWI1","ENSP00000349571","LMO7","LIM domain 7 [Source:HGNC Symbol;Acc:HGNC:6646]","UNIPROTSWISSPROT_ACC"
"Q8WWI1","ENSP00000366719","LMO7","LIM domain 7 [Source:HGNC Symbol;Acc:HGNC:6646]","UNIPROTSWISSPROT_ACC"
"Q8WWI1","ENSP00000366757","LMO7","LIM domain 7 [Source:HGNC Symbol;Acc:HGNC:6646]","UNIPROTSWISSPROT_ACC"
"Q8WWI1","ENSP00000388955","LMO7","LIM domain 7 [Source:HGNC Symbol;Acc:HGNC:6646]","UNIPROTSWISSPROT_ACC"
"Q8WWI1","ENSP00000431129","LMO7","LIM domain 7 [Source:HGNC Symbol;Acc:HGNC:6646]","UNIPROTSWISSPROT_ACC"
"Q8WWI1","ENSP00000431271","LMO7","LIM domain 7 [Source:HGNC Symbol;Acc:HGNC:6646]","UNIPROTSWISSPROT_ACC"
"Q8WWI1","ENSP00000431636","LMO7","LIM domain 7 [Source:HGNC Symbol;Acc:HGNC:6646]","UNIPROTSWISSPROT_ACC"
"Q8WWI1","ENSP00000431896","LMO7","LIM domain 7 [Source:HGNC Symbol;Acc:HGNC:6646]","UNIPROTSWISSPROT_ACC"
"Q8WWI1","ENSP00000432269","LMO7","LIM domain 7 [Source:HGNC Symbol;Acc:HGNC:6646]","UNIPROTSWISSPROT_ACC"
"Q8WWI1","ENSP00000433352","LMO7","LIM domain 7 [Source:HGNC Symbol;Acc:HGNC:6646]","UNIPROTSWISSPROT_ACC"
"Q8WWI1","ENSP00000433591","LMO7","LIM domain 7 [Source:HGNC Symbol;Acc:HGNC:6646]","UNIPROTSWISSPROT_ACC"
"Q8WWI1","ENSP00000434083","LMO7","LIM domain 7 [Source:HGNC Symbol;Acc:HGNC:6646]","UNIPROTSWISSPROT_ACC"
"Q8WWI1","ENSP00000434201","LMO7","LIM domain 7 [Source:HGNC Symbol;Acc:HGNC:6646]","UNIPROTSWISSPROT_ACC"
"Q8WWI1","ENSP00000434943","LMO7","LIM domain 7 [Source:HGNC Symbol;Acc:HGNC:6646]","UNIPROTSWISSPROT_ACC"
"Q8WWI1","ENSP00000435296","LMO7","LIM domain 7 [Source:HGNC Symbol;Acc:HGNC:6646]","UNIPROTSWISSPROT_ACC"
"Q8WWI1","ENSP00000475811","LMO7","LIM domain 7 [Source:HGNC Symbol;Acc:HGNC:6646]","UNIPROTSWISSPROT_ACC"
"Q8WWI1","ENSP00000513106","LMO7","LIM domain 7 [Source:HGNC Symbol;Acc:HGNC:6646]","UNIPROTSWISSPROT_ACC"
"Q9NTJ3","ENSP00000341382","SMC4","structural maintenance of chromosomes 4 [Source:HGNC Symbol;Acc:HGNC:14013]","UNIPROTSWISSPROT_ACC,UNIPROT_GN_ACC"
"Q9NTJ3","ENSP00000349961","SMC4","structural maintenance of chromosomes 4 [Source:HGNC Symbol;Acc:HGNC:14013]","UNIPROTSWISSPROT_ACC,UNIPROT_GN_ACC"
"Q9NTJ3","ENSP00000417612","SMC4","structural maintenance of chromosomes 4 [Source:HGNC Symbol;Acc:HGNC:14013]","UNIPROTSWISSPROT_ACC,UNIPROT_GN_ACC"
"Q9NTJ3","ENSP00000417964","SMC4","structural maintenance of chromosomes 4 [Source:HGNC Symbol;Acc:HGNC:14013]","UNIPROTSWISSPROT_ACC,UNIPROT_GN_ACC"
"Q9NTJ3","ENSP00000417999","SMC4","structural maintenance of chromosomes 4 [Source:HGNC Symbol;Acc:HGNC:14013]","UNIPROTSWISSPROT_ACC,UNIPROT_GN_ACC"
"Q9NTJ3","ENSP00000418434","SMC4","structural maintenance of chromosomes 4 [Source:HGNC Symbol;Acc:HGNC:14013]","UNIPROTSWISSPROT_ACC,UNIPROT_GN_ACC"
"Q9NTJ3","ENSP00000418820","SMC4","structural maintenance of chromosomes 4 [Source:HGNC Symbol;Acc:HGNC:14013]","UNIPROTSWISSPROT_ACC,UNIPROT_GN_ACC"
"Q9NTJ3","ENSP00000419247","SMC4","structural maintenance of chromosomes 4 [Source:HGNC Symbol;Acc:HGNC:14013]","UNIPROTSWISSPROT_ACC,UNIPROT_GN_ACC"
"Q9NTJ3","ENSP00000419360","SMC4","structural maintenance of chromosomes 4 [Source:HGNC Symbol;Acc:HGNC:14013]","UNIPROTSWISSPROT_ACC,UNIPROT_GN_ACC"
"Q9NTJ3","ENSP00000420121","SMC4","structural maintenance of chromosomes 4 [Source:HGNC Symbol;Acc:HGNC:14013]","UNIPROTSWISSPROT_ACC,UNIPROT_GN_ACC"
"Q9NTJ3","ENSP00000420644","SMC4","structural maintenance of chromosomes 4 [Source:HGNC Symbol;Acc:HGNC:14013]","UNIPROTSWISSPROT_ACC,UNIPROT_GN_ACC"
"Q9NTJ3","ENSP00000420734","SMC4","structural maintenance of chromosomes 4 [Source:HGNC Symbol;Acc:HGNC:14013]","UNIPROTSWISSPROT_ACC,UNIPROT_GN_ACC"
"Q9NTJ3","ENSP00000420817","SMC4","structural maintenance of chromosomes 4 [Source:HGNC Symbol;Acc:HGNC:14013]","UNIPROTSWISSPROT_ACC,UNIPROT_GN_ACC"
"Q969T4","ENSP00000376215","UBE2E3","ubiquitin conjugating enzyme E2 E3 [Source:HGNC Symbol;Acc:HGNC:12479]","UNIPROTSWISSPROT_ACC,UNIPROT_GN_ACC"
"Q969T4","ENSP00000386788","UBE2E3","ubiquitin conjugating enzyme E2 E3 [Source:HGNC Symbol;Acc:HGNC:12479]","UNIPROTSWISSPROT_ACC,UNIPROT_GN_ACC"
"Q969T4","ENSP00000473264","UBE2E3","ubiquitin conjugating enzyme E2 E3 [Source:HGNC Symbol;Acc:HGNC:12479]","UNIPROTSWISSPROT_ACC,UNIPROT_GN_ACC"
"Q969T4","ENSP00000473345","UBE2E3","ubiquitin conjugating enzyme E2 E3 [Source:HGNC Symbol;Acc:HGNC:12479]","UNIPROTSWISSPROT_ACC,UNIPROT_GN_ACC"
"Q969T4","ENSP00000473521","UBE2E3","ubiquitin conjugating enzyme E2 E3 [Source:HGNC Symbol;Acc:HGNC:12479]","UNIPROTSWISSPROT_ACC,UNIPROT_GN_ACC"
"Q969T4","ENSP00000473525","UBE2E3","ubiquitin conjugating enzyme E2 E3 [Source:HGNC Symbol;Acc:HGNC:12479]","UNIPROTSWISSPROT_ACC,UNIPROT_GN_ACC"
"Q969T4","ENSP00000473591","UBE2E3","ubiquitin conjugating enzyme E2 E3 [Source:HGNC Symbol;Acc:HGNC:12479]","UNIPROTSWISSPROT_ACC,UNIPROT_GN_ACC"
"Q969T4","ENSP00000473623","UBE2E3","ubiquitin conjugating enzyme E2 E3 [Source:HGNC Symbol;Acc:HGNC:12479]","UNIPROTSWISSPROT_ACC,UNIPROT_GN_ACC"
"Q969T4","ENSP00000473639","UBE2E3","ubiquitin conjugating enzyme E2 E3 [Source:HGNC Symbol;Acc:HGNC:12479]","UNIPROTSWISSPROT_ACC,UNIPROT_GN_ACC"
"Q969T4","ENSP00000473642","UBE2E3","ubiquitin conjugating enzyme E2 E3 [Source:HGNC Symbol;Acc:HGNC:12479]","UNIPROTSWISSPROT_ACC,UNIPROT_GN_ACC"
"Q12929","ENSP00000281172","EPS8","epidermal growth factor receptor pathway substrate 8 [Source:HGNC Symbol;Acc:HGNC:3420]","UNIPROTSWISSPROT_ACC,UNIPROT_GN_ACC"
"Q12929","ENSP00000437806","EPS8","epidermal growth factor receptor pathway substrate 8 [Source:HGNC Symbol;Acc:HGNC:3420]","UNIPROTSWISSPROT_ACC,UNIPROT_GN_ACC"
"Q12929","ENSP00000438490","EPS8","epidermal growth factor receptor pathway substrate 8 [Source:HGNC Symbol;Acc:HGNC:3420]","UNIPROTSWISSPROT_ACC,UNIPROT_GN_ACC"
"Q12929","ENSP00000438668","EPS8","epidermal growth factor receptor pathway substrate 8 [Source:HGNC Symbol;Acc:HGNC:3420]","UNIPROTSWISSPROT_ACC,UNIPROT_GN_ACC"
"Q12929","ENSP00000440591","EPS8","epidermal growth factor receptor pathway substrate 8 [Source:HGNC Symbol;Acc:HGNC:3420]","UNIPROTSWISSPROT_ACC,UNIPROT_GN_ACC"
"Q12929","ENSP00000441867","EPS8","epidermal growth factor receptor pathway substrate 8 [Source:HGNC Symbol;Acc:HGNC:3420]","UNIPROTSWISSPROT_ACC,UNIPROT_GN_ACC"
"Q12929","ENSP00000441888","EPS8","epidermal growth factor receptor pathway substrate 8 [Source:HGNC Symbol;Acc:HGNC:3420]","UNIPROTSWISSPROT_ACC,UNIPROT_GN_ACC"
"Q12929","ENSP00000442388","EPS8","epidermal growth factor receptor pathway substrate 8 [Source:HGNC Symbol;Acc:HGNC:3420]","UNIPROTSWISSPROT_ACC,UNIPROT_GN_ACC"
"Q12929","ENSP00000442883","EPS8","epidermal growth factor receptor pathway substrate 8 [Source:HGNC Symbol;Acc:HGNC:3420]","UNIPROTSWISSPROT_ACC,UNIPROT_GN_ACC"
"Q12929","ENSP00000444613","EPS8","epidermal growth factor receptor pathway substrate 8 [Source:HGNC Symbol;Acc:HGNC:3420]","UNIPROTSWISSPROT_ACC,UNIPROT_GN_ACC"
"Q12929","ENSP00000445235","EPS8","epidermal growth factor receptor pathway substrate 8 [Source:HGNC Symbol;Acc:HGNC:3420]","UNIPROTSWISSPROT_ACC,UNIPROT_GN_ACC"
"Q12929","ENSP00000445815","EPS8","epidermal growth factor receptor pathway substrate 8 [Source:HGNC Symbol;Acc:HGNC:3420]","UNIPROTSWISSPROT_ACC,UNIPROT_GN_ACC"
"Q12929","ENSP00000445985","EPS8","epidermal growth factor receptor pathway substrate 8 [Source:HGNC Symbol;Acc:HGNC:3420]","UNIPROTSWISSPROT_ACC,UNIPROT_GN_ACC"
"Q12929","ENSP00000494338","EPS8","epidermal growth factor receptor pathway substrate 8 [Source:HGNC Symbol;Acc:HGNC:3420]","UNIPROTSWISSPROT_ACC,UNIPROT_GN_ACC"
"Q12929","ENSP00000494689","EPS8","epidermal growth factor receptor pathway substrate 8 [Source:HGNC Symbol;Acc:HGNC:3420]","UNIPROTSWISSPROT_ACC,UNIPROT_GN_ACC"
"Q12929","ENSP00000494842","EPS8","epidermal growth factor receptor pathway substrate 8 [Source:HGNC Symbol;Acc:HGNC:3420]","UNIPROTSWISSPROT_ACC,UNIPROT_GN_ACC"
"Q12929","ENSP00000495312","EPS8","epidermal growth factor receptor pathway substrate 8 [Source:HGNC Symbol;Acc:HGNC:3420]","UNIPROTSWISSPROT_ACC,UNIPROT_GN_ACC"
"Q12929","ENSP00000495722","EPS8","epidermal growth factor receptor pathway substrate 8 [Source:HGNC Symbol;Acc:HGNC:3420]","UNIPROTSWISSPROT_ACC,UNIPROT_GN_ACC"
"Q12929","ENSP00000495824","EPS8","epidermal growth factor receptor pathway substrate 8 [Source:HGNC Symbol;Acc:HGNC:3420]","UNIPROTSWISSPROT_ACC,UNIPROT_GN_ACC"
"Q12929","ENSP00000495956","EPS8","epidermal growth factor receptor pathway substrate 8 [Source:HGNC Symbol;Acc:HGNC:3420]","UNIPROTSWISSPROT_ACC,UNIPROT_GN_ACC"
"Q12929","ENSP00000496406","EPS8","epidermal growth factor receptor pathway substrate 8 [Source:HGNC Symbol;Acc:HGNC:3420]","UNIPROTSWISSPROT_ACC,UNIPROT_GN_ACC"
"Q12929","ENSP00000496516","EPS8","epidermal growth factor receptor pathway substrate 8 [Source:HGNC Symbol;Acc:HGNC:3420]","UNIPROTSWISSPROT_ACC,UNIPROT_GN_ACC"
"Q5JPH6","ENSP00000395196","EARS2","glutamyl-tRNA synthetase 2, mitochondrial [Source:HGNC Symbol;Acc:HGNC:29419]","UNIPROTSWISSPROT_ACC,UNIPROT_GN_ACC"
"Q5JPH6","ENSP00000455519","EARS2","glutamyl-tRNA synthetase 2, mitochondrial [Source:HGNC Symbol;Acc:HGNC:29419]","UNIPROTSWISSPROT_ACC,UNIPROT_GN_ACC"
"Q5JPH6","ENSP00000455789","EARS2","glutamyl-tRNA synthetase 2, mitochondrial [Source:HGNC Symbol;Acc:HGNC:29419]","UNIPROTSWISSPROT_ACC,UNIPROT_GN_ACC"
"Q5JPH6","ENSP00000455875","EARS2","glutamyl-tRNA synthetase 2, mitochondrial [Source:HGNC Symbol;Acc:HGNC:29419]","UNIPROTSWISSPROT_ACC,UNIPROT_GN_ACC"
"Q5JPH6","ENSP00000456218","EARS2","glutamyl-tRNA synthetase 2, mitochondrial [Source:HGNC Symbol;Acc:HGNC:29419]","UNIPROTSWISSPROT_ACC,UNIPROT_GN_ACC"
"Q5JPH6","ENSP00000457107","EARS2","glutamyl-tRNA synthetase 2, mitochondrial [Source:HGNC Symbol;Acc:HGNC:29419]","UNIPROTSWISSPROT_ACC,UNIPROT_GN_ACC"
"Q5JPH6","ENSP00000458604","EARS2","glutamyl-tRNA synthetase 2, mitochondrial [Source:HGNC Symbol;Acc:HGNC:29419]","UNIPROTSWISSPROT_ACC,UNIPROT_GN_ACC"
"Q5JPH6","ENSP00000501251","EARS2","glutamyl-tRNA synthetase 2, mitochondrial [Source:HGNC Symbol;Acc:HGNC:29419]","UNIPROTSWISSPROT_ACC,UNIPROT_GN_ACC"
"Q96B96","ENSP00000233047","LDAF1","lipid droplet assembly factor 1 [Source:HGNC Symbol;Acc:HGNC:30136]","UNIPROTSWISSPROT_ACC,UNIPROT_GN_ACC"
"Q96B96","ENSP00000261388","LDAF1","lipid droplet assembly factor 1 [Source:HGNC Symbol;Acc:HGNC:30136]","UNIPROTSWISSPROT_ACC,UNIPROT_GN_ACC"
"Q96B96","ENSP00000409879","LDAF1","lipid droplet assembly factor 1 [Source:HGNC Symbol;Acc:HGNC:30136]","UNIPROTSWISSPROT_ACC,UNIPROT_GN_ACC"
"Q96B96","ENSP00000459481","LDAF1","lipid droplet assembly factor 1 [Source:HGNC Symbol;Acc:HGNC:30136]","UNIPROTSWISSPROT_ACC,UNIPROT_GN_ACC"
"Q96B96","ENSP00000460102","LDAF1","lipid droplet assembly factor 1 [Source:HGNC Symbol;Acc:HGNC:30136]","UNIPROTSWISSPROT_ACC,UNIPROT_GN_ACC"
"Q96B96","ENSP00000460687","LDAF1","lipid droplet assembly factor 1 [Source:HGNC Symbol;Acc:HGNC:30136]","UNIPROTSWISSPROT_ACC,UNIPROT_GN_ACC"
"Q96B96","ENSP00000461826","LDAF1","lipid droplet assembly factor 1 [Source:HGNC Symbol;Acc:HGNC:30136]","UNIPROTSWISSPROT_ACC,UNIPROT_GN_ACC"
"Q96B96","ENSP00000461828","LDAF1","lipid droplet assembly factor 1 [Source:HGNC Symbol;Acc:HGNC:30136]","UNIPROTSWISSPROT_ACC,UNIPROT_GN_ACC"
"Q96FQ6","ENSP00000357692","S100A16","S100 calcium binding protein A16 [Source:HGNC Symbol;Acc:HGNC:20441]","UNIPROTSWISSPROT_ACC,UNIPROT_GN_ACC"
"Q96FQ6","ENSP00000357693","S100A16","S100 calcium binding protein A16 [Source:HGNC Symbol;Acc:HGNC:20441]","UNIPROTSWISSPROT_ACC,UNIPROT_GN_ACC"
"Q96FQ6","ENSP00000357694","S100A16","S100 calcium binding protein A16 [Source:HGNC Symbol;Acc:HGNC:20441]","UNIPROTSWISSPROT_ACC,UNIPROT_GN_ACC"
"Q96FQ6","ENSP00000357695","S100A16","S100 calcium binding protein A16 [Source:HGNC Symbol;Acc:HGNC:20441]","UNIPROTSWISSPROT_ACC,UNIPROT_GN_ACC"
"Q96RP9","ENSP00000264263","GFM1","G elongation factor mitochondrial 1 [Source:HGNC Symbol;Acc:HGNC:13780]","UNIPROTSWISSPROT_ACC,UNIPROT_GN_ACC"
"Q96RP9","ENSP00000417225","GFM1","G elongation factor mitochondrial 1 [Source:HGNC Symbol;Acc:HGNC:13780]","UNIPROTSWISSPROT_ACC,UNIPROT_GN_ACC"
"Q96RP9","ENSP00000417532","GFM1","G elongation factor mitochondrial 1 [Source:HGNC Symbol;Acc:HGNC:13780]","UNIPROTSWISSPROT_ACC,UNIPROT_GN_ACC"
"Q96RP9","ENSP00000418755","GFM1","G elongation factor mitochondrial 1 [Source:HGNC Symbol;Acc:HGNC:13780]","UNIPROTSWISSPROT_ACC,UNIPROT_GN_ACC"
"Q96RP9","ENSP00000419038","GFM1","G elongation factor mitochondrial 1 [Source:HGNC Symbol;Acc:HGNC:13780]","UNIPROTSWISSPROT_ACC,UNIPROT_GN_ACC"
"Q96RP9","ENSP00000420272","GFM1","G elongation factor mitochondrial 1 [Source:HGNC Symbol;Acc:HGNC:13780]","UNIPROTSWISSPROT_ACC,UNIPROT_GN_ACC"
"P20248","ENSP00000274026","CCNA2","cyclin A2 [Source:HGNC Symbol;Acc:HGNC:1578]","UNIPROTSWISSPROT_ACC,UNIPROT_GN_ACC"
"P11586","ENSP00000438588","MTHFD1","methylenetetrahydrofolate dehydrogenase, cyclohydrolase and formyltetrahydrofolate synthetase 1 [Source:HGNC Symbol;Acc:HGNC:7432]","AGILENT_GPL19072,UNIPROTSWISSPROT_ACC,UNIPROT_GN_ACC"
"P11586","ENSP00000450560","MTHFD1","methylenetetrahydrofolate dehydrogenase, cyclohydrolase and formyltetrahydrofolate synthetase 1 [Source:HGNC Symbol;Acc:HGNC:7432]","AGILENT_GPL19072,UNIPROTSWISSPROT_ACC,UNIPROT_GN_ACC"
"P11586","ENSP00000476468","MTHFD1","methylenetetrahydrofolate dehydrogenase, cyclohydrolase and formyltetrahydrofolate synthetase 1 [Source:HGNC Symbol;Acc:HGNC:7432]","AGILENT_GPL19072,UNIPROTSWISSPROT_ACC,UNIPROT_GN_ACC"
"P11586","ENSP00000477199","MTHFD1","methylenetetrahydrofolate dehydrogenase, cyclohydrolase and formyltetrahydrofolate synthetase 1 [Source:HGNC Symbol;Acc:HGNC:7432]","AGILENT_GPL19072,UNIPROTSWISSPROT_ACC,UNIPROT_GN_ACC"
"P11586","ENSP00000477359","MTHFD1","methylenetetrahydrofolate dehydrogenase, cyclohydrolase and formyltetrahydrofolate synthetase 1 [Source:HGNC Symbol;Acc:HGNC:7432]","AGILENT_GPL19072,UNIPROTSWISSPROT_ACC,UNIPROT_GN_ACC"
"P11586","ENSP00000477501","MTHFD1","methylenetetrahydrofolate dehydrogenase, cyclohydrolase and formyltetrahydrofolate synthetase 1 [Source:HGNC Symbol;Acc:HGNC:7432]","AGILENT_GPL19072,UNIPROTSWISSPROT_ACC,UNIPROT_GN_ACC"
"P11586","ENSP00000498336","MTHFD1","methylenetetrahydrofolate dehydrogenase, cyclohydrolase and formyltetrahydrofolate synthetase 1 [Source:HGNC Symbol;Acc:HGNC:7432]","AGILENT_GPL19072,UNIPROTSWISSPROT_ACC,UNIPROT_GN_ACC"
"P11586","ENSP00000498511","MTHFD1","methylenetetrahydrofolate dehydrogenase, cyclohydrolase and formyltetrahydrofolate synthetase 1 [Source:HGNC Symbol;Acc:HGNC:7432]","AGILENT_GPL19072,UNIPROTSWISSPROT_ACC,UNIPROT_GN_ACC"
"P11586","ENSP00000498649","MTHFD1","methylenetetrahydrofolate dehydrogenase, cyclohydrolase and formyltetrahydrofolate synthetase 1 [Source:HGNC Symbol;Acc:HGNC:7432]","AGILENT_GPL19072,UNIPROTSWISSPROT_ACC,UNIPROT_GN_ACC"
"P11586","ENSP00000499176","MTHFD1","methylenetetrahydrofolate dehydrogenase, cyclohydrolase and formyltetrahydrofolate synthetase 1 [Source:HGNC Symbol;Acc:HGNC:7432]","AGILENT_GPL19072,UNIPROTSWISSPROT_ACC,UNIPROT_GN_ACC"
"P11586","ENSP00000513155","MTHFD1","methylenetetrahydrofolate dehydrogenase, cyclohydrolase and formyltetrahydrofolate synthetase 1 [Source:HGNC Symbol;Acc:HGNC:7432]","AGILENT_GPL19072,UNIPROTSWISSPROT_ACC,UNIPROT_GN_ACC"
"P11586","ENSP00000513156","MTHFD1","methylenetetrahydrofolate dehydrogenase, cyclohydrolase and formyltetrahydrofolate synthetase 1 [Source:HGNC Symbol;Acc:HGNC:7432]","AGILENT_GPL19072,UNIPROTSWISSPROT_ACC,UNIPROT_GN_ACC"
"P11586","ENSP00000513157","MTHFD1","methylenetetrahydrofolate dehydrogenase, cyclohydrolase and formyltetrahydrofolate synthetase 1 [Source:HGNC Symbol;Acc:HGNC:7432]","AGILENT_GPL19072,UNIPROTSWISSPROT_ACC,UNIPROT_GN_ACC"
"P11586","ENSP00000513158","MTHFD1","methylenetetrahydrofolate dehydrogenase, cyclohydrolase and formyltetrahydrofolate synthetase 1 [Source:HGNC Symbol;Acc:HGNC:7432]","AGILENT_GPL19072,UNIPROTSWISSPROT_ACC,UNIPROT_GN_ACC"
"P11586","ENSP00000513159","MTHFD1","methylenetetrahydrofolate dehydrogenase, cyclohydrolase and formyltetrahydrofolate synthetase 1 [Source:HGNC Symbol;Acc:HGNC:7432]","AGILENT_GPL19072,UNIPROTSWISSPROT_ACC,UNIPROT_GN_ACC"
"P11586","ENSP00000513160","MTHFD1","methylenetetrahydrofolate dehydrogenase, cyclohydrolase and formyltetrahydrofolate synthetase 1 [Source:HGNC Symbol;Acc:HGNC:7432]","AGILENT_GPL19072,UNIPROTSWISSPROT_ACC,UNIPROT_GN_ACC"
"P11586","ENSP00000513161","MTHFD1","methylenetetrahydrofolate dehydrogenase, cyclohydrolase and formyltetrahydrofolate synthetase 1 [Source:HGNC Symbol;Acc:HGNC:7432]","AGILENT_GPL19072,UNIPROTSWISSPROT_ACC,UNIPROT_GN_ACC"
"P11586","ENSP00000513162","MTHFD1","methylenetetrahydrofolate dehydrogenase, cyclohydrolase and formyltetrahydrofolate synthetase 1 [Source:HGNC Symbol;Acc:HGNC:7432]","AGILENT_GPL19072,UNIPROTSWISSPROT_ACC,UNIPROT_GN_ACC"
"O15327","ENSP00000262992","INPP4B","inositol polyphosphate-4-phosphatase type II B [Source:HGNC Symbol;Acc:HGNC:6075]","UNIPROTSWISSPROT_ACC,UNIPROT_GN_ACC"
"O15327","ENSP00000420888","INPP4B","inositol polyphosphate-4-phosphatase type II B [Source:HGNC Symbol;Acc:HGNC:6075]","UNIPROTSWISSPROT_ACC,UNIPROT_GN_ACC"
"O15327","ENSP00000421065","INPP4B","inositol polyphosphate-4-phosphatase type II B [Source:HGNC Symbol;Acc:HGNC:6075]","UNIPROTSWISSPROT_ACC,UNIPROT_GN_ACC"
"O15327","ENSP00000422052","INPP4B","inositol polyphosphate-4-phosphatase type II B [Source:HGNC Symbol;Acc:HGNC:6075]","UNIPROTSWISSPROT_ACC,UNIPROT_GN_ACC"
"O15327","ENSP00000422793","INPP4B","inositol polyphosphate-4-phosphatase type II B [Source:HGNC Symbol;Acc:HGNC:6075]","UNIPROTSWISSPROT_ACC,UNIPROT_GN_ACC"
"O15327","ENSP00000423771","INPP4B","inositol polyphosphate-4-phosphatase type II B [Source:HGNC Symbol;Acc:HGNC:6075]","UNIPROTSWISSPROT_ACC,UNIPROT_GN_ACC"
"O15327","ENSP00000423954","INPP4B","inositol polyphosphate-4-phosphatase type II B [Source:HGNC Symbol;Acc:HGNC:6075]","UNIPROTSWISSPROT_ACC,UNIPROT_GN_ACC"
"O15327","ENSP00000424057","INPP4B","inositol polyphosphate-4-phosphatase type II B [Source:HGNC Symbol;Acc:HGNC:6075]","UNIPROTSWISSPROT_ACC,UNIPROT_GN_ACC"
"O15327","ENSP00000424731","INPP4B","inositol polyphosphate-4-phosphatase type II B [Source:HGNC Symbol;Acc:HGNC:6075]","UNIPROTSWISSPROT_ACC,UNIPROT_GN_ACC"
"O15327","ENSP00000425487","INPP4B","inositol polyphosphate-4-phosphatase type II B [Source:HGNC Symbol;Acc:HGNC:6075]","UNIPROTSWISSPROT_ACC,UNIPROT_GN_ACC"
"O15327","ENSP00000425764","INPP4B","inositol polyphosphate-4-phosphatase type II B [Source:HGNC Symbol;Acc:HGNC:6075]","UNIPROTSWISSPROT_ACC,UNIPROT_GN_ACC"
"O15327","ENSP00000426207","INPP4B","inositol polyphosphate-4-phosphatase type II B [Source:HGNC Symbol;Acc:HGNC:6075]","UNIPROTSWISSPROT_ACC,UNIPROT_GN_ACC"
"O15327","ENSP00000426897","INPP4B","inositol polyphosphate-4-phosphatase type II B [Source:HGNC Symbol;Acc:HGNC:6075]","UNIPROTSWISSPROT_ACC,UNIPROT_GN_ACC"
"O15327","ENSP00000426957","INPP4B","inositol polyphosphate-4-phosphatase type II B [Source:HGNC Symbol;Acc:HGNC:6075]","UNIPROTSWISSPROT_ACC,UNIPROT_GN_ACC"
"O15327","ENSP00000427250","INPP4B","inositol polyphosphate-4-phosphatase type II B [Source:HGNC Symbol;Acc:HGNC:6075]","UNIPROTSWISSPROT_ACC,UNIPROT_GN_ACC"
"O15327","ENSP00000486368","INPP4B","inositol polyphosphate-4-phosphatase type II B [Source:HGNC Symbol;Acc:HGNC:6075]","UNIPROTSWISSPROT_ACC,UNIPROT_GN_ACC"
"O15327","ENSP00000508922","INPP4B","inositol polyphosphate-4-phosphatase type II B [Source:HGNC Symbol;Acc:HGNC:6075]","UNIPROTSWISSPROT_ACC,UNIPROT_GN_ACC"
"O15327","ENSP00000510027","INPP4B","inositol polyphosphate-4-phosphatase type II B [Source:HGNC Symbol;Acc:HGNC:6075]","UNIPROTSWISSPROT_ACC,UNIPROT_GN_ACC"
"Q9NPG3","ENSP00000262376","UBN1","ubinuclein 1 [Source:HGNC Symbol;Acc:HGNC:12506]","UNIPROTSWISSPROT_ACC,UNIPROT_GN_ACC"
"Q9NPG3","ENSP00000379894","UBN1","ubinuclein 1 [Source:HGNC Symbol;Acc:HGNC:12506]","UNIPROTSWISSPROT_ACC,UNIPROT_GN_ACC"
"Q9NPG3","ENSP00000465309","UBN1","ubinuclein 1 [Source:HGNC Symbol;Acc:HGNC:12506]","UNIPROTSWISSPROT_ACC,UNIPROT_GN_ACC"
"Q9NPG3","ENSP00000467942","UBN1","ubinuclein 1 [Source:HGNC Symbol;Acc:HGNC:12506]","UNIPROTSWISSPROT_ACC,UNIPROT_GN_ACC"
"Q9NPG3","ENSP00000468143","UBN1","ubinuclein 1 [Source:HGNC Symbol;Acc:HGNC:12506]","UNIPROTSWISSPROT_ACC,UNIPROT_GN_ACC"
"Q9NPG3","ENSP00000468740","UBN1","ubinuclein 1 [Source:HGNC Symbol;Acc:HGNC:12506]","UNIPROTSWISSPROT_ACC,UNIPROT_GN_ACC"
"Q9NPG3","ENSP00000468776","UBN1","ubinuclein 1 [Source:HGNC Symbol;Acc:HGNC:12506]","UNIPROTSWISSPROT_ACC,UNIPROT_GN_ACC"
"O75815","ENSP00000260502","BCAR3","BCAR3 adaptor protein, NSP family member [Source:HGNC Symbol;Acc:HGNC:973]","UNIPROTSWISSPROT_ACC,UNIPROT_GN_ACC"
"O75815","ENSP00000359263","BCAR3","BCAR3 adaptor protein, NSP family member [Source:HGNC Symbol;Acc:HGNC:973]","UNIPROTSWISSPROT_ACC,UNIPROT_GN_ACC"
"O75815","ENSP00000359264","BCAR3","BCAR3 adaptor protein, NSP family member [Source:HGNC Symbol;Acc:HGNC:973]","UNIPROTSWISSPROT_ACC,UNIPROT_GN_ACC"
"O75815","ENSP00000359267","BCAR3","BCAR3 adaptor protein, NSP family member [Source:HGNC Symbol;Acc:HGNC:973]","UNIPROTSWISSPROT_ACC,UNIPROT_GN_ACC"
"O75815","ENSP00000441343","BCAR3","BCAR3 adaptor protein, NSP family member [Source:HGNC Symbol;Acc:HGNC:973]","UNIPROTSWISSPROT_ACC,UNIPROT_GN_ACC"
"O14936","ENSP00000367396","CASK","calcium/calmodulin dependent serine protein kinase [Source:HGNC Symbol;Acc:HGNC:1497]","UNIPROTSWISSPROT_ACC,UNIPROT_GN_ACC"
"O14936","ENSP00000367400","CASK","calcium/calmodulin dependent serine protein kinase [Source:HGNC Symbol;Acc:HGNC:1497]","UNIPROTSWISSPROT_ACC,UNIPROT_GN_ACC"
"O14936","ENSP00000367405","CASK","calcium/calmodulin dependent serine protein kinase [Source:HGNC Symbol;Acc:HGNC:1497]","UNIPROTSWISSPROT_ACC,UNIPROT_GN_ACC"
"O14936","ENSP00000367408","CASK","calcium/calmodulin dependent serine protein kinase [Source:HGNC Symbol;Acc:HGNC:1497]","UNIPROTSWISSPROT_ACC,UNIPROT_GN_ACC"
"O14936","ENSP00000367410","CASK","calcium/calmodulin dependent serine protein kinase [Source:HGNC Symbol;Acc:HGNC:1497]","UNIPROTSWISSPROT_ACC,UNIPROT_GN_ACC"
"O14936","ENSP00000398007","CASK","calcium/calmodulin dependent serine protein kinase [Source:HGNC Symbol;Acc:HGNC:1497]","UNIPROTSWISSPROT_ACC,UNIPROT_GN_ACC"
"O14936","ENSP00000400526","CASK","calcium/calmodulin dependent serine protein kinase [Source:HGNC Symbol;Acc:HGNC:1497]","UNIPROTSWISSPROT_ACC,UNIPROT_GN_ACC"
"O14936","ENSP00000493518","CASK","calcium/calmodulin dependent serine protein kinase [Source:HGNC Symbol;Acc:HGNC:1497]","UNIPROTSWISSPROT_ACC,UNIPROT_GN_ACC"
"O14936","ENSP00000493700","CASK","calcium/calmodulin dependent serine protein kinase [Source:HGNC Symbol;Acc:HGNC:1497]","UNIPROTSWISSPROT_ACC,UNIPROT_GN_ACC"
"O14936","ENSP00000494144","CASK","calcium/calmodulin dependent serine protein kinase [Source:HGNC Symbol;Acc:HGNC:1497]","UNIPROTSWISSPROT_ACC,UNIPROT_GN_ACC"
"O14936","ENSP00000494183","CASK","calcium/calmodulin dependent serine protein kinase [Source:HGNC Symbol;Acc:HGNC:1497]","UNIPROTSWISSPROT_ACC,UNIPROT_GN_ACC"
"O14936","ENSP00000494388","CASK","calcium/calmodulin dependent serine protein kinase [Source:HGNC Symbol;Acc:HGNC:1497]","UNIPROTSWISSPROT_ACC,UNIPROT_GN_ACC"
"O14936","ENSP00000494409","CASK","calcium/calmodulin dependent serine protein kinase [Source:HGNC Symbol;Acc:HGNC:1497]","UNIPROTSWISSPROT_ACC,UNIPROT_GN_ACC"
"O14936","ENSP00000494788","CASK","calcium/calmodulin dependent serine protein kinase [Source:HGNC Symbol;Acc:HGNC:1497]","UNIPROTSWISSPROT_ACC,UNIPROT_GN_ACC"
"O14936","ENSP00000495232","CASK","calcium/calmodulin dependent serine protein kinase [Source:HGNC Symbol;Acc:HGNC:1497]","UNIPROTSWISSPROT_ACC,UNIPROT_GN_ACC"
"O14936","ENSP00000495291","CASK","calcium/calmodulin dependent serine protein kinase [Source:HGNC Symbol;Acc:HGNC:1497]","UNIPROTSWISSPROT_ACC,UNIPROT_GN_ACC"
"O14936","ENSP00000495357","CASK","calcium/calmodulin dependent serine protein kinase [Source:HGNC Symbol;Acc:HGNC:1497]","UNIPROTSWISSPROT_ACC,UNIPROT_GN_ACC"
"O14936","ENSP00000495510","CASK","calcium/calmodulin dependent serine protein kinase [Source:HGNC Symbol;Acc:HGNC:1497]","UNIPROTSWISSPROT_ACC,UNIPROT_GN_ACC"
"O14936","ENSP00000496025","CASK","calcium/calmodulin dependent serine protein kinase [Source:HGNC Symbol;Acc:HGNC:1497]","UNIPROTSWISSPROT_ACC,UNIPROT_GN_ACC"
"O14936","ENSP00000496319","CASK","calcium/calmodulin dependent serine protein kinase [Source:HGNC Symbol;Acc:HGNC:1497]","UNIPROTSWISSPROT_ACC,UNIPROT_GN_ACC"
"O14936","ENSP00000502315","CASK","calcium/calmodulin dependent serine protein kinase [Source:HGNC Symbol;Acc:HGNC:1497]","UNIPROTSWISSPROT_ACC,UNIPROT_GN_ACC"
"Q9NRS4","ENSP00000416037","TMPRSS4","transmembrane serine protease 4 [Source:HGNC Symbol;Acc:HGNC:11878]","UNIPROTSWISSPROT_ACC,UNIPROT_GN_ACC"
"Q9NRS4","ENSP00000428246","TMPRSS4","transmembrane serine protease 4 [Source:HGNC Symbol;Acc:HGNC:11878]","UNIPROTSWISSPROT_ACC,UNIPROT_GN_ACC"
"Q9NRS4","ENSP00000428407","TMPRSS4","transmembrane serine protease 4 [Source:HGNC Symbol;Acc:HGNC:11878]","UNIPROTSWISSPROT_ACC,UNIPROT_GN_ACC"
"Q9NRS4","ENSP00000428814","TMPRSS4","transmembrane serine protease 4 [Source:HGNC Symbol;Acc:HGNC:11878]","UNIPROTSWISSPROT_ACC,UNIPROT_GN_ACC"
"Q9NRS4","ENSP00000429209","TMPRSS4","transmembrane serine protease 4 [Source:HGNC Symbol;Acc:HGNC:11878]","UNIPROTSWISSPROT_ACC,UNIPROT_GN_ACC"
"Q9NRS4","ENSP00000429833","TMPRSS4","transmembrane serine protease 4 [Source:HGNC Symbol;Acc:HGNC:11878]","UNIPROTSWISSPROT_ACC,UNIPROT_GN_ACC"
"Q9NRS4","ENSP00000429889","TMPRSS4","transmembrane serine protease 4 [Source:HGNC Symbol;Acc:HGNC:11878]","UNIPROTSWISSPROT_ACC,UNIPROT_GN_ACC"
"Q9NRS4","ENSP00000430547","TMPRSS4","transmembrane serine protease 4 [Source:HGNC Symbol;Acc:HGNC:11878]","UNIPROTSWISSPROT_ACC,UNIPROT_GN_ACC"
"Q9NRS4","ENSP00000431062","TMPRSS4","transmembrane serine protease 4 [Source:HGNC Symbol;Acc:HGNC:11878]","UNIPROTSWISSPROT_ACC,UNIPROT_GN_ACC"
"Q9NRS4","ENSP00000435184","TMPRSS4","transmembrane serine protease 4 [Source:HGNC Symbol;Acc:HGNC:11878]","UNIPROTSWISSPROT_ACC,UNIPROT_GN_ACC"
"Q9NRS4","ENSP00000478147","TMPRSS4","transmembrane serine protease 4 [Source:HGNC Symbol;Acc:HGNC:11878]","UNIPROTSWISSPROT_ACC,UNIPROT_GN_ACC"
"A0FGR8","ENSP00000251527","ESYT2","extended synaptotagmin 2 [Source:HGNC Symbol;Acc:HGNC:22211]","UNIPROTSWISSPROT_ACC"
"A0FGR8","ENSP00000275418","ESYT2","extended synaptotagmin 2 [Source:HGNC Symbol;Acc:HGNC:22211]","UNIPROTSWISSPROT_ACC"
"A0FGR8","ENSP00000499020","ESYT2","extended synaptotagmin 2 [Source:HGNC Symbol;Acc:HGNC:22211]","UNIPROTSWISSPROT_ACC"
"Q96D46","ENSP00000307525","NMD3","NMD3 ribosome export adaptor [Source:HGNC Symbol;Acc:HGNC:24250]","UNIPROTSWISSPROT_ACC,UNIPROT_GN_ACC"
"Q96D46","ENSP00000417559","NMD3","NMD3 ribosome export adaptor [Source:HGNC Symbol;Acc:HGNC:24250]","UNIPROTSWISSPROT_ACC,UNIPROT_GN_ACC"
"Q96D46","ENSP00000418852","NMD3","NMD3 ribosome export adaptor [Source:HGNC Symbol;Acc:HGNC:24250]","UNIPROTSWISSPROT_ACC,UNIPROT_GN_ACC"
"Q96D46","ENSP00000418908","NMD3","NMD3 ribosome export adaptor [Source:HGNC Symbol;Acc:HGNC:24250]","UNIPROTSWISSPROT_ACC,UNIPROT_GN_ACC"
"Q96D46","ENSP00000418980","NMD3","NMD3 ribosome export adaptor [Source:HGNC Symbol;Acc:HGNC:24250]","UNIPROTSWISSPROT_ACC,UNIPROT_GN_ACC"
"Q96D46","ENSP00000419004","NMD3","NMD3 ribosome export adaptor [Source:HGNC Symbol;Acc:HGNC:24250]","UNIPROTSWISSPROT_ACC,UNIPROT_GN_ACC"
"Q96D46","ENSP00000419030","NMD3","NMD3 ribosome export adaptor [Source:HGNC Symbol;Acc:HGNC:24250]","UNIPROTSWISSPROT_ACC,UNIPROT_GN_ACC"
"Q96D46","ENSP00000419647","NMD3","NMD3 ribosome export adaptor [Source:HGNC Symbol;Acc:HGNC:24250]","UNIPROTSWISSPROT_ACC,UNIPROT_GN_ACC"
"P29034","ENSP00000357696","S100A2","S100 calcium binding protein A2 [Source:HGNC Symbol;Acc:HGNC:10492]","AGILENT_GPL19072,UNIPROTSWISSPROT_ACC,UNIPROT_GN_ACC"
"P29034","ENSP00000357697","S100A2","S100 calcium binding protein A2 [Source:HGNC Symbol;Acc:HGNC:10492]","AGILENT_GPL19072,UNIPROTSWISSPROT_ACC,UNIPROT_GN_ACC"
"P29034","ENSP00000357698","S100A2","S100 calcium binding protein A2 [Source:HGNC Symbol;Acc:HGNC:10492]","AGILENT_GPL19072,UNIPROTSWISSPROT_ACC,UNIPROT_GN_ACC"
"P29034","ENSP00000357699","S100A2","S100 calcium binding protein A2 [Source:HGNC Symbol;Acc:HGNC:10492]","AGILENT_GPL19072,UNIPROTSWISSPROT_ACC,UNIPROT_GN_ACC"
"P29034","ENSP00000473260","S100A2","S100 calcium binding protein A2 [Source:HGNC Symbol;Acc:HGNC:10492]","AGILENT_GPL19072,UNIPROTSWISSPROT_ACC,UNIPROT_GN_ACC"
"P29034","ENSP00000473489","S100A2","S100 calcium binding protein A2 [Source:HGNC Symbol;Acc:HGNC:10492]","AGILENT_GPL19072,UNIPROTSWISSPROT_ACC,UNIPROT_GN_ACC"
"P20810","ENSP00000312523","CAST","calpastatin [Source:HGNC Symbol;Acc:HGNC:1515]","UNIPROTSWISSPROT_ACC,UNIPROT_GN_ACC"
"P20810","ENSP00000320319","CAST","calpastatin [Source:HGNC Symbol;Acc:HGNC:1515]","UNIPROTSWISSPROT_ACC,UNIPROT_GN_ACC"
"P20810","ENSP00000339914","CAST","calpastatin [Source:HGNC Symbol;Acc:HGNC:1515]","UNIPROTSWISSPROT_ACC,UNIPROT_GN_ACC"
"P20810","ENSP00000343421","CAST","calpastatin [Source:HGNC Symbol;Acc:HGNC:1515]","UNIPROTSWISSPROT_ACC,UNIPROT_GN_ACC"
"P20810","ENSP00000379157","CAST","calpastatin [Source:HGNC Symbol;Acc:HGNC:1515]","UNIPROTSWISSPROT_ACC,UNIPROT_GN_ACC"
"P20810","ENSP00000379158","CAST","calpastatin [Source:HGNC Symbol;Acc:HGNC:1515]","UNIPROTSWISSPROT_ACC,UNIPROT_GN_ACC"
"P20810","ENSP00000396558","CAST","calpastatin [Source:HGNC Symbol;Acc:HGNC:1515]","UNIPROTSWISSPROT_ACC,UNIPROT_GN_ACC"
"P20810","ENSP00000412374","CAST","calpastatin [Source:HGNC Symbol;Acc:HGNC:1515]","UNIPROTSWISSPROT_ACC,UNIPROT_GN_ACC"
"P20810","ENSP00000421130","CAST","calpastatin [Source:HGNC Symbol;Acc:HGNC:1515]","UNIPROTSWISSPROT_ACC,UNIPROT_GN_ACC"
"P20810","ENSP00000421230","CAST","calpastatin [Source:HGNC Symbol;Acc:HGNC:1515]","UNIPROTSWISSPROT_ACC,UNIPROT_GN_ACC"
"P20810","ENSP00000422176","CAST","calpastatin [Source:HGNC Symbol;Acc:HGNC:1515]","UNIPROTSWISSPROT_ACC,UNIPROT_GN_ACC"
"P20810","ENSP00000422325","CAST","calpastatin [Source:HGNC Symbol;Acc:HGNC:1515]","UNIPROTSWISSPROT_ACC,UNIPROT_GN_ACC"
"P20810","ENSP00000422466","CAST","calpastatin [Source:HGNC Symbol;Acc:HGNC:1515]","UNIPROTSWISSPROT_ACC,UNIPROT_GN_ACC"
"P20810","ENSP00000422612","CAST","calpastatin [Source:HGNC Symbol;Acc:HGNC:1515]","UNIPROTSWISSPROT_ACC,UNIPROT_GN_ACC"
"P20810","ENSP00000422677","CAST","calpastatin [Source:HGNC Symbol;Acc:HGNC:1515]","UNIPROTSWISSPROT_ACC,UNIPROT_GN_ACC"
"P20810","ENSP00000422807","CAST","calpastatin [Source:HGNC Symbol;Acc:HGNC:1515]","UNIPROTSWISSPROT_ACC,UNIPROT_GN_ACC"
"P20810","ENSP00000422831","CAST","calpastatin [Source:HGNC Symbol;Acc:HGNC:1515]","UNIPROTSWISSPROT_ACC,UNIPROT_GN_ACC"
"P20810","ENSP00000422929","CAST","calpastatin [Source:HGNC Symbol;Acc:HGNC:1515]","UNIPROTSWISSPROT_ACC,UNIPROT_GN_ACC"
"P20810","ENSP00000422951","CAST","calpastatin [Source:HGNC Symbol;Acc:HGNC:1515]","UNIPROTSWISSPROT_ACC,UNIPROT_GN_ACC"
"P20810","ENSP00000422957","CAST","calpastatin [Source:HGNC Symbol;Acc:HGNC:1515]","UNIPROTSWISSPROT_ACC,UNIPROT_GN_ACC"
"P20810","ENSP00000423638","CAST","calpastatin [Source:HGNC Symbol;Acc:HGNC:1515]","UNIPROTSWISSPROT_ACC,UNIPROT_GN_ACC"
"P20810","ENSP00000423846","CAST","calpastatin [Source:HGNC Symbol;Acc:HGNC:1515]","UNIPROTSWISSPROT_ACC,UNIPROT_GN_ACC"
"P20810","ENSP00000424160","CAST","calpastatin [Source:HGNC Symbol;Acc:HGNC:1515]","UNIPROTSWISSPROT_ACC,UNIPROT_GN_ACC"
"P20810","ENSP00000425670","CAST","calpastatin [Source:HGNC Symbol;Acc:HGNC:1515]","UNIPROTSWISSPROT_ACC,UNIPROT_GN_ACC"
"P20810","ENSP00000425721","CAST","calpastatin [Source:HGNC Symbol;Acc:HGNC:1515]","UNIPROTSWISSPROT_ACC,UNIPROT_GN_ACC"
"P20810","ENSP00000425787","CAST","calpastatin [Source:HGNC Symbol;Acc:HGNC:1515]","UNIPROTSWISSPROT_ACC,UNIPROT_GN_ACC"
"P20810","ENSP00000426422","CAST","calpastatin [Source:HGNC Symbol;Acc:HGNC:1515]","UNIPROTSWISSPROT_ACC,UNIPROT_GN_ACC"
"P20810","ENSP00000426946","CAST","calpastatin [Source:HGNC Symbol;Acc:HGNC:1515]","UNIPROTSWISSPROT_ACC,UNIPROT_GN_ACC"
"P20810","ENSP00000427092","CAST","calpastatin [Source:HGNC Symbol;Acc:HGNC:1515]","UNIPROTSWISSPROT_ACC,UNIPROT_GN_ACC"
"P20810","ENSP00000427195","CAST","calpastatin [Source:HGNC Symbol;Acc:HGNC:1515]","UNIPROTSWISSPROT_ACC,UNIPROT_GN_ACC"
"P20810","ENSP00000432878","CAST","calpastatin [Source:HGNC Symbol;Acc:HGNC:1515]","UNIPROTSWISSPROT_ACC,UNIPROT_GN_ACC"
"P20810","ENSP00000501659","CAST","calpastatin [Source:HGNC Symbol;Acc:HGNC:1515]","UNIPROTSWISSPROT_ACC,UNIPROT_GN_ACC"
"P20810","ENSP00000501713","CAST","calpastatin [Source:HGNC Symbol;Acc:HGNC:1515]","UNIPROTSWISSPROT_ACC,UNIPROT_GN_ACC"
"P20810","ENSP00000501780","CAST","calpastatin [Source:HGNC Symbol;Acc:HGNC:1515]","UNIPROTSWISSPROT_ACC,UNIPROT_GN_ACC"
"P20810","ENSP00000501797","CAST","calpastatin [Source:HGNC Symbol;Acc:HGNC:1515]","UNIPROTSWISSPROT_ACC,UNIPROT_GN_ACC"
"P20810","ENSP00000501838","CAST","calpastatin [Source:HGNC Symbol;Acc:HGNC:1515]","UNIPROTSWISSPROT_ACC,UNIPROT_GN_ACC"
"P20810","ENSP00000501872","CAST","calpastatin [Source:HGNC Symbol;Acc:HGNC:1515]","UNIPROTSWISSPROT_ACC,UNIPROT_GN_ACC"
"P20810","ENSP00000501916","CAST","calpastatin [Source:HGNC Symbol;Acc:HGNC:1515]","UNIPROTSWISSPROT_ACC,UNIPROT_GN_ACC"
"P20810","ENSP00000502095","CAST","calpastatin [Source:HGNC Symbol;Acc:HGNC:1515]","UNIPROTSWISSPROT_ACC,UNIPROT_GN_ACC"
"P20810","ENSP00000502136","CAST","calpastatin [Source:HGNC Symbol;Acc:HGNC:1515]","UNIPROTSWISSPROT_ACC,UNIPROT_GN_ACC"
"P20810","ENSP00000502244","CAST","calpastatin [Source:HGNC Symbol;Acc:HGNC:1515]","UNIPROTSWISSPROT_ACC,UNIPROT_GN_ACC"
"P20810","ENSP00000502345","CAST","calpastatin [Source:HGNC Symbol;Acc:HGNC:1515]","UNIPROTSWISSPROT_ACC,UNIPROT_GN_ACC"
"P20810","ENSP00000502449","CAST","calpastatin [Source:HGNC Symbol;Acc:HGNC:1515]","UNIPROTSWISSPROT_ACC,UNIPROT_GN_ACC"
"P20810","ENSP00000502619","CAST","calpastatin [Source:HGNC Symbol;Acc:HGNC:1515]","UNIPROTSWISSPROT_ACC,UNIPROT_GN_ACC"
"Q9NS71","ENSP00000367172","GKN1","gastrokine 1 [Source:HGNC Symbol;Acc:HGNC:23217]","UNIPROTSWISSPROT_ACC,UNIPROT_GN_ACC"
"Q9NS71","ENSP00000501093","GKN1","gastrokine 1 [Source:HGNC Symbol;Acc:HGNC:23217]","UNIPROTSWISSPROT_ACC,UNIPROT_GN_ACC"
"P13928","ENSP00000462181","ANXA8","annexin A8 [Source:HGNC Symbol;Acc:HGNC:546]","AGILENT_GPL19072,UNIPROTSWISSPROT_ACC,UNIPROT_GN_ACC"
"P13928","ENSP00000462880","ANXA8","annexin A8 [Source:HGNC Symbol;Acc:HGNC:546]","AGILENT_GPL19072,UNIPROTSWISSPROT_ACC,UNIPROT_GN_ACC"
"P13928","ENSP00000463091","ANXA8","annexin A8 [Source:HGNC Symbol;Acc:HGNC:546]","AGILENT_GPL19072,UNIPROTSWISSPROT_ACC,UNIPROT_GN_ACC"
"P13928","ENSP00000463244","ANXA8","annexin A8 [Source:HGNC Symbol;Acc:HGNC:546]","AGILENT_GPL19072,UNIPROTSWISSPROT_ACC,UNIPROT_GN_ACC"
"P13928","ENSP00000464486","ANXA8","annexin A8 [Source:HGNC Symbol;Acc:HGNC:546]","AGILENT_GPL19072,UNIPROTSWISSPROT_ACC,UNIPROT_GN_ACC"
"P13928","ENSP00000478026","ANXA8","annexin A8 [Source:HGNC Symbol;Acc:HGNC:546]","AGILENT_GPL19072,UNIPROTSWISSPROT_ACC,UNIPROT_GN_ACC"
"Q9HAU0","ENSP00000299275","PLEKHA5","pleckstrin homology domain containing A5 [Source:HGNC Symbol;Acc:HGNC:30036]","UNIPROTSWISSPROT_ACC,UNIPROT_GN_ACC"
"Q9HAU0","ENSP00000400411","PLEKHA5","pleckstrin homology domain containing A5 [Source:HGNC Symbol;Acc:HGNC:30036]","UNIPROTSWISSPROT_ACC,UNIPROT_GN_ACC"
"Q9HAU0","ENSP00000404296","PLEKHA5","pleckstrin homology domain containing A5 [Source:HGNC Symbol;Acc:HGNC:30036]","UNIPROTSWISSPROT_ACC,UNIPROT_GN_ACC"
"Q9HAU0","ENSP00000439396","PLEKHA5","pleckstrin homology domain containing A5 [Source:HGNC Symbol;Acc:HGNC:30036]","UNIPROTSWISSPROT_ACC,UNIPROT_GN_ACC"
"Q9HAU0","ENSP00000439673","PLEKHA5","pleckstrin homology domain containing A5 [Source:HGNC Symbol;Acc:HGNC:30036]","UNIPROTSWISSPROT_ACC,UNIPROT_GN_ACC"
"Q9HAU0","ENSP00000440371","PLEKHA5","pleckstrin homology domain containing A5 [Source:HGNC Symbol;Acc:HGNC:30036]","UNIPROTSWISSPROT_ACC,UNIPROT_GN_ACC"
"Q9HAU0","ENSP00000440611","PLEKHA5","pleckstrin homology domain containing A5 [Source:HGNC Symbol;Acc:HGNC:30036]","UNIPROTSWISSPROT_ACC,UNIPROT_GN_ACC"
"Q9HAU0","ENSP00000441777","PLEKHA5","pleckstrin homology domain containing A5 [Source:HGNC Symbol;Acc:HGNC:30036]","UNIPROTSWISSPROT_ACC,UNIPROT_GN_ACC"
"Q9HAU0","ENSP00000443553","PLEKHA5","pleckstrin homology domain containing A5 [Source:HGNC Symbol;Acc:HGNC:30036]","UNIPROTSWISSPROT_ACC,UNIPROT_GN_ACC"
"Q9HAU0","ENSP00000446308","PLEKHA5","pleckstrin homology domain containing A5 [Source:HGNC Symbol;Acc:HGNC:30036]","UNIPROTSWISSPROT_ACC,UNIPROT_GN_ACC"
"Q9HAU0","ENSP00000515140","PLEKHA5","pleckstrin homology domain containing A5 [Source:HGNC Symbol;Acc:HGNC:30036]","UNIPROTSWISSPROT_ACC,UNIPROT_GN_ACC"
"Q9HAU0","ENSP00000515142","PLEKHA5","pleckstrin homology domain containing A5 [Source:HGNC Symbol;Acc:HGNC:30036]","UNIPROTSWISSPROT_ACC,UNIPROT_GN_ACC"
"Q9HAU0","ENSP00000515143","PLEKHA5","pleckstrin homology domain containing A5 [Source:HGNC Symbol;Acc:HGNC:30036]","UNIPROTSWISSPROT_ACC,UNIPROT_GN_ACC"
"Q9HAU0","ENSP00000515144","PLEKHA5","pleckstrin homology domain containing A5 [Source:HGNC Symbol;Acc:HGNC:30036]","UNIPROTSWISSPROT_ACC,UNIPROT_GN_ACC"
"Q9HAU0","ENSP00000515145","PLEKHA5","pleckstrin homology domain containing A5 [Source:HGNC Symbol;Acc:HGNC:30036]","UNIPROTSWISSPROT_ACC,UNIPROT_GN_ACC"
"Q9HAU0","ENSP00000515146","PLEKHA5","pleckstrin homology domain containing A5 [Source:HGNC Symbol;Acc:HGNC:30036]","UNIPROTSWISSPROT_ACC,UNIPROT_GN_ACC"
"Q9HAU0","ENSP00000516470","PLEKHA5","pleckstrin homology domain containing A5 [Source:HGNC Symbol;Acc:HGNC:30036]","UNIPROTSWISSPROT_ACC,UNIPROT_GN_ACC"
"Q9NPH3","ENSP00000072516","IL1RAP","interleukin 1 receptor accessory protein [Source:HGNC Symbol;Acc:HGNC:5995]","UNIPROTSWISSPROT_ACC,UNIPROT_GN_ACC"
"Q9NPH3","ENSP00000314807","IL1RAP","interleukin 1 receptor accessory protein [Source:HGNC Symbol;Acc:HGNC:5995]","UNIPROTSWISSPROT_ACC,UNIPROT_GN_ACC"
"Q9NPH3","ENSP00000345829","IL1RAP","interleukin 1 receptor accessory protein [Source:HGNC Symbol;Acc:HGNC:5995]","UNIPROTSWISSPROT_ACC,UNIPROT_GN_ACC"
"Q9NPH3","ENSP00000387371","IL1RAP","interleukin 1 receptor accessory protein [Source:HGNC Symbol;Acc:HGNC:5995]","UNIPROTSWISSPROT_ACC,UNIPROT_GN_ACC"
"Q9NPH3","ENSP00000389149","IL1RAP","interleukin 1 receptor accessory protein [Source:HGNC Symbol;Acc:HGNC:5995]","UNIPROTSWISSPROT_ACC,UNIPROT_GN_ACC"
"Q9NPH3","ENSP00000390541","IL1RAP","interleukin 1 receptor accessory protein [Source:HGNC Symbol;Acc:HGNC:5995]","UNIPROTSWISSPROT_ACC,UNIPROT_GN_ACC"
"Q9NPH3","ENSP00000391899","IL1RAP","interleukin 1 receptor accessory protein [Source:HGNC Symbol;Acc:HGNC:5995]","UNIPROTSWISSPROT_ACC,UNIPROT_GN_ACC"
"Q9NPH3","ENSP00000401132","IL1RAP","interleukin 1 receptor accessory protein [Source:HGNC Symbol;Acc:HGNC:5995]","UNIPROTSWISSPROT_ACC,UNIPROT_GN_ACC"
"Q9NPH3","ENSP00000409352","IL1RAP","interleukin 1 receptor accessory protein [Source:HGNC Symbol;Acc:HGNC:5995]","UNIPROTSWISSPROT_ACC,UNIPROT_GN_ACC"
"Q9NPH3","ENSP00000412008","IL1RAP","interleukin 1 receptor accessory protein [Source:HGNC Symbol;Acc:HGNC:5995]","UNIPROTSWISSPROT_ACC,UNIPROT_GN_ACC"
"Q9NPH3","ENSP00000414102","IL1RAP","interleukin 1 receptor accessory protein [Source:HGNC Symbol;Acc:HGNC:5995]","UNIPROTSWISSPROT_ACC,UNIPROT_GN_ACC"
"Q9NPH3","ENSP00000416296","IL1RAP","interleukin 1 receptor accessory protein [Source:HGNC Symbol;Acc:HGNC:5995]","UNIPROTSWISSPROT_ACC,UNIPROT_GN_ACC"
"O60911","ENSP00000259470","CTSV","cathepsin V [Source:HGNC Symbol;Acc:HGNC:2538]","UNIPROTSWISSPROT_ACC,UNIPROT_GN_ACC"
"O60911","ENSP00000445052","CTSV","cathepsin V [Source:HGNC Symbol;Acc:HGNC:2538]","UNIPROTSWISSPROT_ACC,UNIPROT_GN_ACC"
"O60911","ENSP00000505001","CTSV","cathepsin V [Source:HGNC Symbol;Acc:HGNC:2538]","UNIPROTSWISSPROT_ACC,UNIPROT_GN_ACC"
"O60911","ENSP00000505007","CTSV","cathepsin V [Source:HGNC Symbol;Acc:HGNC:2538]","UNIPROTSWISSPROT_ACC,UNIPROT_GN_ACC"
"O60911","ENSP00000505141","CTSV","cathepsin V [Source:HGNC Symbol;Acc:HGNC:2538]","UNIPROTSWISSPROT_ACC,UNIPROT_GN_ACC"
"O60911","ENSP00000505355","CTSV","cathepsin V [Source:HGNC Symbol;Acc:HGNC:2538]","UNIPROTSWISSPROT_ACC,UNIPROT_GN_ACC"
"O60911","ENSP00000505553","CTSV","cathepsin V [Source:HGNC Symbol;Acc:HGNC:2538]","UNIPROTSWISSPROT_ACC,UNIPROT_GN_ACC"
"O60911","ENSP00000505681","CTSV","cathepsin V [Source:HGNC Symbol;Acc:HGNC:2538]","UNIPROTSWISSPROT_ACC,UNIPROT_GN_ACC"
"O60911","ENSP00000505759","CTSV","cathepsin V [Source:HGNC Symbol;Acc:HGNC:2538]","UNIPROTSWISSPROT_ACC,UNIPROT_GN_ACC"
"O60911","ENSP00000506713","CTSV","cathepsin V [Source:HGNC Symbol;Acc:HGNC:2538]","UNIPROTSWISSPROT_ACC,UNIPROT_GN_ACC"
"P15311","ENSP00000338934","EZR","ezrin [Source:HGNC Symbol;Acc:HGNC:12691]","AGILENT_GPL19072,UNIPROTSWISSPROT_ACC,UNIPROT_GN_ACC"
"P15311","ENSP00000356042","EZR","ezrin [Source:HGNC Symbol;Acc:HGNC:12691]","AGILENT_GPL19072,UNIPROTSWISSPROT_ACC,UNIPROT_GN_ACC"
"P48729","ENSP00000261798","CSNK1A1","casein kinase 1 alpha 1 [Source:HGNC Symbol;Acc:HGNC:2451]","UNIPROTSWISSPROT_ACC,UNIPROT_GN_ACC"
"P48729","ENSP00000367074","CSNK1A1","casein kinase 1 alpha 1 [Source:HGNC Symbol;Acc:HGNC:2451]","UNIPROTSWISSPROT_ACC,UNIPROT_GN_ACC"
"P48729","ENSP00000421268","CSNK1A1","casein kinase 1 alpha 1 [Source:HGNC Symbol;Acc:HGNC:2451]","UNIPROTSWISSPROT_ACC,UNIPROT_GN_ACC"
"P48729","ENSP00000421689","CSNK1A1","casein kinase 1 alpha 1 [Source:HGNC Symbol;Acc:HGNC:2451]","UNIPROTSWISSPROT_ACC,UNIPROT_GN_ACC"
"P48729","ENSP00000425366","CSNK1A1","casein kinase 1 alpha 1 [Source:HGNC Symbol;Acc:HGNC:2451]","UNIPROTSWISSPROT_ACC,UNIPROT_GN_ACC"
"P48729","ENSP00000426747","CSNK1A1","casein kinase 1 alpha 1 [Source:HGNC Symbol;Acc:HGNC:2451]","UNIPROTSWISSPROT_ACC,UNIPROT_GN_ACC"
"P48729","ENSP00000427031","CSNK1A1","casein kinase 1 alpha 1 [Source:HGNC Symbol;Acc:HGNC:2451]","UNIPROTSWISSPROT_ACC,UNIPROT_GN_ACC"
"P48729","ENSP00000430252","CSNK1A1","casein kinase 1 alpha 1 [Source:HGNC Symbol;Acc:HGNC:2451]","UNIPROTSWISSPROT_ACC,UNIPROT_GN_ACC"
"P48729","ENSP00000475319","CSNK1A1","casein kinase 1 alpha 1 [Source:HGNC Symbol;Acc:HGNC:2451]","UNIPROTSWISSPROT_ACC,UNIPROT_GN_ACC"
"P48729","ENSP00000475633","CSNK1A1","casein kinase 1 alpha 1 [Source:HGNC Symbol;Acc:HGNC:2451]","UNIPROTSWISSPROT_ACC,UNIPROT_GN_ACC"
"P48729","ENSP00000475969","CSNK1A1","casein kinase 1 alpha 1 [Source:HGNC Symbol;Acc:HGNC:2451]","UNIPROTSWISSPROT_ACC,UNIPROT_GN_ACC"
"P48729","ENSP00000499284","CSNK1A1","casein kinase 1 alpha 1 [Source:HGNC Symbol;Acc:HGNC:2451]","UNIPROTSWISSPROT_ACC,UNIPROT_GN_ACC"
"P48729","ENSP00000499532","CSNK1A1","casein kinase 1 alpha 1 [Source:HGNC Symbol;Acc:HGNC:2451]","UNIPROTSWISSPROT_ACC,UNIPROT_GN_ACC"
"P48729","ENSP00000499647","CSNK1A1","casein kinase 1 alpha 1 [Source:HGNC Symbol;Acc:HGNC:2451]","UNIPROTSWISSPROT_ACC,UNIPROT_GN_ACC"
"P48729","ENSP00000499757","CSNK1A1","casein kinase 1 alpha 1 [Source:HGNC Symbol;Acc:HGNC:2451]","UNIPROTSWISSPROT_ACC,UNIPROT_GN_ACC"
"P48729","ENSP00000499782","CSNK1A1","casein kinase 1 alpha 1 [Source:HGNC Symbol;Acc:HGNC:2451]","UNIPROTSWISSPROT_ACC,UNIPROT_GN_ACC"
"P05783","ENSP00000373487","KRT18","keratin 18 [Source:HGNC Symbol;Acc:HGNC:6430]","UNIPROTSWISSPROT_ACC,UNIPROT_GN_ACC"
"P05783","ENSP00000373489","KRT18","keratin 18 [Source:HGNC Symbol;Acc:HGNC:6430]","UNIPROTSWISSPROT_ACC,UNIPROT_GN_ACC"
"P05783","ENSP00000447278","KRT18","keratin 18 [Source:HGNC Symbol;Acc:HGNC:6430]","UNIPROTSWISSPROT_ACC,UNIPROT_GN_ACC"
"Q53EP0","ENSP00000338523","FNDC3B","fibronectin type III domain containing 3B [Source:HGNC Symbol;Acc:HGNC:24670]","UNIPROTSWISSPROT_ACC,UNIPROT_GN_ACC"
"Q53EP0","ENSP00000389064","FNDC3B","fibronectin type III domain containing 3B [Source:HGNC Symbol;Acc:HGNC:24670]","UNIPROTSWISSPROT_ACC,UNIPROT_GN_ACC"
"Q53EP0","ENSP00000389094","FNDC3B","fibronectin type III domain containing 3B [Source:HGNC Symbol;Acc:HGNC:24670]","UNIPROTSWISSPROT_ACC,UNIPROT_GN_ACC"
"Q53EP0","ENSP00000392471","FNDC3B","fibronectin type III domain containing 3B [Source:HGNC Symbol;Acc:HGNC:24670]","UNIPROTSWISSPROT_ACC,UNIPROT_GN_ACC"
"Q53EP0","ENSP00000408496","FNDC3B","fibronectin type III domain containing 3B [Source:HGNC Symbol;Acc:HGNC:24670]","UNIPROTSWISSPROT_ACC,UNIPROT_GN_ACC"
"Q53EP0","ENSP00000411242","FNDC3B","fibronectin type III domain containing 3B [Source:HGNC Symbol;Acc:HGNC:24670]","UNIPROTSWISSPROT_ACC,UNIPROT_GN_ACC"
"P01229","ENSP00000497294","LHB","luteinizing hormone subunit beta [Source:HGNC Symbol;Acc:HGNC:6584]","UNIPROTSWISSPROT_ACC,UNIPROT_GN_ACC"
"O75436","ENSP00000263559","VPS26A","VPS26 retromer complex component A [Source:HGNC Symbol;Acc:HGNC:12711]","UNIPROTSWISSPROT_ACC,UNIPROT_GN_ACC"
"O75436","ENSP00000362480","VPS26A","VPS26 retromer complex component A [Source:HGNC Symbol;Acc:HGNC:12711]","UNIPROTSWISSPROT_ACC,UNIPROT_GN_ACC"
"O75436","ENSP00000378532","VPS26A","VPS26 retromer complex component A [Source:HGNC Symbol;Acc:HGNC:12711]","UNIPROTSWISSPROT_ACC,UNIPROT_GN_ACC"
"O75436","ENSP00000473746","VPS26A","VPS26 retromer complex component A [Source:HGNC Symbol;Acc:HGNC:12711]","UNIPROTSWISSPROT_ACC,UNIPROT_GN_ACC"
"O75436","ENSP00000474611","VPS26A","VPS26 retromer complex component A [Source:HGNC Symbol;Acc:HGNC:12711]","UNIPROTSWISSPROT_ACC,UNIPROT_GN_ACC"
"Q9UMD9","ENSP00000358748","COL17A1","collagen type XVII alpha 1 chain [Source:HGNC Symbol;Acc:HGNC:2194]","UNIPROTSWISSPROT_ACC,UNIPROT_GN_ACC"
"Q9UMD9","ENSP00000376905","COL17A1","collagen type XVII alpha 1 chain [Source:HGNC Symbol;Acc:HGNC:2194]","UNIPROTSWISSPROT_ACC,UNIPROT_GN_ACC"
"Q9UMD9","ENSP00000388832","COL17A1","collagen type XVII alpha 1 chain [Source:HGNC Symbol;Acc:HGNC:2194]","UNIPROTSWISSPROT_ACC,UNIPROT_GN_ACC"
"Q9UMD9","ENSP00000497253","COL17A1","collagen type XVII alpha 1 chain [Source:HGNC Symbol;Acc:HGNC:2194]","UNIPROTSWISSPROT_ACC,UNIPROT_GN_ACC"
"Q9UMD9","ENSP00000497653","COL17A1","collagen type XVII alpha 1 chain [Source:HGNC Symbol;Acc:HGNC:2194]","UNIPROTSWISSPROT_ACC,UNIPROT_GN_ACC"
"Q9UMD9","ENSP00000497850","COL17A1","collagen type XVII alpha 1 chain [Source:HGNC Symbol;Acc:HGNC:2194]","UNIPROTSWISSPROT_ACC,UNIPROT_GN_ACC"
"Q9UMD9","ENSP00000497865","COL17A1","collagen type XVII alpha 1 chain [Source:HGNC Symbol;Acc:HGNC:2194]","UNIPROTSWISSPROT_ACC,UNIPROT_GN_ACC"
"Q9UMD9","ENSP00000498135","COL17A1","collagen type XVII alpha 1 chain [Source:HGNC Symbol;Acc:HGNC:2194]","UNIPROTSWISSPROT_ACC,UNIPROT_GN_ACC"
"P49862","ENSP00000304791","KLK7","kallikrein related peptidase 7 [Source:HGNC Symbol;Acc:HGNC:6368]","UNIPROTSWISSPROT_ACC,UNIPROT_GN_ACC"
"P49862","ENSP00000375683","KLK7","kallikrein related peptidase 7 [Source:HGNC Symbol;Acc:HGNC:6368]","UNIPROTSWISSPROT_ACC,UNIPROT_GN_ACC"
"P49862","ENSP00000469950","KLK7","kallikrein related peptidase 7 [Source:HGNC Symbol;Acc:HGNC:6368]","UNIPROTSWISSPROT_ACC,UNIPROT_GN_ACC"
"P49862","ENSP00000470084","KLK7","kallikrein related peptidase 7 [Source:HGNC Symbol;Acc:HGNC:6368]","UNIPROTSWISSPROT_ACC,UNIPROT_GN_ACC"
"P49862","ENSP00000470538","KLK7","kallikrein related peptidase 7 [Source:HGNC Symbol;Acc:HGNC:6368]","UNIPROTSWISSPROT_ACC,UNIPROT_GN_ACC"
"Q9Y3E7","ENSP00000263856","CHMP3","charged multivesicular body protein 3 [Source:HGNC Symbol;Acc:HGNC:29865]","UNIPROTSWISSPROT_ACC,UNIPROT_GN_ACC"
"Q9Y3E7","ENSP00000386590","CHMP3","charged multivesicular body protein 3 [Source:HGNC Symbol;Acc:HGNC:29865]","UNIPROTSWISSPROT_ACC,UNIPROT_GN_ACC"
"Q9Y3E7","ENSP00000387045","CHMP3","charged multivesicular body protein 3 [Source:HGNC Symbol;Acc:HGNC:29865]","UNIPROTSWISSPROT_ACC,UNIPROT_GN_ACC"
"Q6ISB3","ENSP00000379260","GRHL2","grainyhead like transcription factor 2 [Source:HGNC Symbol;Acc:HGNC:2799]","UNIPROTSWISSPROT_ACC,UNIPROT_GN_ACC"
"Q6ISB3","ENSP00000430473","GRHL2","grainyhead like transcription factor 2 [Source:HGNC Symbol;Acc:HGNC:2799]","UNIPROTSWISSPROT_ACC,UNIPROT_GN_ACC"
"Q6ISB3","ENSP00000495564","GRHL2","grainyhead like transcription factor 2 [Source:HGNC Symbol;Acc:HGNC:2799]","UNIPROTSWISSPROT_ACC,UNIPROT_GN_ACC"
"Q07817","ENSP00000302564","BCL2L1","BCL2 like 1 [Source:HGNC Symbol;Acc:HGNC:992]","UNIPROTSWISSPROT_ACC,UNIPROT_GN_ACC"
"Q07817","ENSP00000365223","BCL2L1","BCL2 like 1 [Source:HGNC Symbol;Acc:HGNC:992]","UNIPROTSWISSPROT_ACC,UNIPROT_GN_ACC"
"Q07817","ENSP00000365230","BCL2L1","BCL2 like 1 [Source:HGNC Symbol;Acc:HGNC:992]","UNIPROTSWISSPROT_ACC,UNIPROT_GN_ACC"
"Q07817","ENSP00000389688","BCL2L1","BCL2 like 1 [Source:HGNC Symbol;Acc:HGNC:992]","UNIPROTSWISSPROT_ACC,UNIPROT_GN_ACC"
"Q07817","ENSP00000390760","BCL2L1","BCL2 like 1 [Source:HGNC Symbol;Acc:HGNC:992]","UNIPROTSWISSPROT_ACC,UNIPROT_GN_ACC"
"Q07817","ENSP00000395545","BCL2L1","BCL2 like 1 [Source:HGNC Symbol;Acc:HGNC:992]","UNIPROTSWISSPROT_ACC,UNIPROT_GN_ACC"
"Q07817","ENSP00000401173","BCL2L1","BCL2 like 1 [Source:HGNC Symbol;Acc:HGNC:992]","UNIPROTSWISSPROT_ACC,UNIPROT_GN_ACC"
"Q07817","ENSP00000406203","BCL2L1","BCL2 like 1 [Source:HGNC Symbol;Acc:HGNC:992]","UNIPROTSWISSPROT_ACC,UNIPROT_GN_ACC"
"Q07817","ENSP00000411252","BCL2L1","BCL2 like 1 [Source:HGNC Symbol;Acc:HGNC:992]","UNIPROTSWISSPROT_ACC,UNIPROT_GN_ACC"
"Q07817","ENSP00000503725","BCL2L1","BCL2 like 1 [Source:HGNC Symbol;Acc:HGNC:992]","UNIPROTSWISSPROT_ACC,UNIPROT_GN_ACC"
"Q07817","ENSP00000504137","BCL2L1","BCL2 like 1 [Source:HGNC Symbol;Acc:HGNC:992]","UNIPROTSWISSPROT_ACC,UNIPROT_GN_ACC"
"Q07817","ENSP00000504237","BCL2L1","BCL2 like 1 [Source:HGNC Symbol;Acc:HGNC:992]","UNIPROTSWISSPROT_ACC,UNIPROT_GN_ACC"
"Q07817","ENSP00000504387","BCL2L1","BCL2 like 1 [Source:HGNC Symbol;Acc:HGNC:992]","UNIPROTSWISSPROT_ACC,UNIPROT_GN_ACC"
"Q07817","ENSP00000504536","BCL2L1","BCL2 like 1 [Source:HGNC Symbol;Acc:HGNC:992]","UNIPROTSWISSPROT_ACC,UNIPROT_GN_ACC"
"O60610","ENSP00000373706","DIAPH1","diaphanous related formin 1 [Source:HGNC Symbol;Acc:HGNC:2876]","UNIPROTSWISSPROT_ACC,UNIPROT_GN_ACC"
"O60610","ENSP00000408159","DIAPH1","diaphanous related formin 1 [Source:HGNC Symbol;Acc:HGNC:2876]","UNIPROTSWISSPROT_ACC,UNIPROT_GN_ACC"
"O60610","ENSP00000428208","DIAPH1","diaphanous related formin 1 [Source:HGNC Symbol;Acc:HGNC:2876]","UNIPROTSWISSPROT_ACC,UNIPROT_GN_ACC"
"O60610","ENSP00000428268","DIAPH1","diaphanous related formin 1 [Source:HGNC Symbol;Acc:HGNC:2876]","UNIPROTSWISSPROT_ACC,UNIPROT_GN_ACC"
"O60610","ENSP00000493546","DIAPH1","diaphanous related formin 1 [Source:HGNC Symbol;Acc:HGNC:2876]","UNIPROTSWISSPROT_ACC,UNIPROT_GN_ACC"
"O60610","ENSP00000494308","DIAPH1","diaphanous related formin 1 [Source:HGNC Symbol;Acc:HGNC:2876]","UNIPROTSWISSPROT_ACC,UNIPROT_GN_ACC"
"O60610","ENSP00000494675","DIAPH1","diaphanous related formin 1 [Source:HGNC Symbol;Acc:HGNC:2876]","UNIPROTSWISSPROT_ACC,UNIPROT_GN_ACC"
"O60610","ENSP00000495191","DIAPH1","diaphanous related formin 1 [Source:HGNC Symbol;Acc:HGNC:2876]","UNIPROTSWISSPROT_ACC,UNIPROT_GN_ACC"
"Q03519","ENSP00000364032","TAP2","transporter 2, ATP binding cassette subfamily B member [Source:HGNC Symbol;Acc:HGNC:44]","UNIPROTSWISSPROT_ACC,UNIPROT_GN_ACC"
"Q03519","ENSP00000498827","TAP2","transporter 2, ATP binding cassette subfamily B member [Source:HGNC Symbol;Acc:HGNC:44]","UNIPROTSWISSPROT_ACC,UNIPROT_GN_ACC"
"Q03519","ENSP00000513722","TAP2","transporter 2, ATP binding cassette subfamily B member [Source:HGNC Symbol;Acc:HGNC:44]","UNIPROTSWISSPROT_ACC,UNIPROT_GN_ACC"
"Q03519","ENSP00000513723","TAP2","transporter 2, ATP binding cassette subfamily B member [Source:HGNC Symbol;Acc:HGNC:44]","UNIPROTSWISSPROT_ACC,UNIPROT_GN_ACC"
"Q03519","ENSP00000513733","TAP2","transporter 2, ATP binding cassette subfamily B member [Source:HGNC Symbol;Acc:HGNC:44]","UNIPROTSWISSPROT_ACC,UNIPROT_GN_ACC"
"Q03519","ENSP00000513734","TAP2","transporter 2, ATP binding cassette subfamily B member [Source:HGNC Symbol;Acc:HGNC:44]","UNIPROTSWISSPROT_ACC,UNIPROT_GN_ACC"
"Q03519","ENSP00000516164","TAP2","transporter 2, ATP binding cassette subfamily B member [Source:HGNC Symbol;Acc:HGNC:44]","UNIPROTSWISSPROT_ACC,UNIPROT_GN_ACC"
"Q15262","ENSP00000357190","PTPRK","protein tyrosine phosphatase receptor type K [Source:HGNC Symbol;Acc:HGNC:9674]","UNIPROTSWISSPROT_ACC,UNIPROT_GN_ACC"
"Q15262","ENSP00000357193","PTPRK","protein tyrosine phosphatase receptor type K [Source:HGNC Symbol;Acc:HGNC:9674]","UNIPROTSWISSPROT_ACC,UNIPROT_GN_ACC"
"Q15262","ENSP00000357196","PTPRK","protein tyrosine phosphatase receptor type K [Source:HGNC Symbol;Acc:HGNC:9674]","UNIPROTSWISSPROT_ACC,UNIPROT_GN_ACC"
"Q15262","ENSP00000357198","PTPRK","protein tyrosine phosphatase receptor type K [Source:HGNC Symbol;Acc:HGNC:9674]","UNIPROTSWISSPROT_ACC,UNIPROT_GN_ACC"
"Q15262","ENSP00000357209","PTPRK","protein tyrosine phosphatase receptor type K [Source:HGNC Symbol;Acc:HGNC:9674]","UNIPROTSWISSPROT_ACC,UNIPROT_GN_ACC"
"Q15262","ENSP00000376243","PTPRK","protein tyrosine phosphatase receptor type K [Source:HGNC Symbol;Acc:HGNC:9674]","UNIPROTSWISSPROT_ACC,UNIPROT_GN_ACC"
"Q15262","ENSP00000406825","PTPRK","protein tyrosine phosphatase receptor type K [Source:HGNC Symbol;Acc:HGNC:9674]","UNIPROTSWISSPROT_ACC,UNIPROT_GN_ACC"
"Q15262","ENSP00000408180","PTPRK","protein tyrosine phosphatase receptor type K [Source:HGNC Symbol;Acc:HGNC:9674]","UNIPROTSWISSPROT_ACC,UNIPROT_GN_ACC"
"Q15262","ENSP00000432960","PTPRK","protein tyrosine phosphatase receptor type K [Source:HGNC Symbol;Acc:HGNC:9674]","UNIPROTSWISSPROT_ACC,UNIPROT_GN_ACC"
"Q15262","ENSP00000432973","PTPRK","protein tyrosine phosphatase receptor type K [Source:HGNC Symbol;Acc:HGNC:9674]","UNIPROTSWISSPROT_ACC,UNIPROT_GN_ACC"
"Q15262","ENSP00000434058","PTPRK","protein tyrosine phosphatase receptor type K [Source:HGNC Symbol;Acc:HGNC:9674]","UNIPROTSWISSPROT_ACC,UNIPROT_GN_ACC"
"Q15262","ENSP00000434116","PTPRK","protein tyrosine phosphatase receptor type K [Source:HGNC Symbol;Acc:HGNC:9674]","UNIPROTSWISSPROT_ACC,UNIPROT_GN_ACC"
"Q15262","ENSP00000437299","PTPRK","protein tyrosine phosphatase receptor type K [Source:HGNC Symbol;Acc:HGNC:9674]","UNIPROTSWISSPROT_ACC,UNIPROT_GN_ACC"
"Q86VQ6","ENSP00000429584","TXNRD3","thioredoxin reductase 3 [Source:HGNC Symbol;Acc:HGNC:20667]","UNIPROTSWISSPROT_ACC,UNIPROT_GN_ACC"
"Q86VQ6","ENSP00000430031","TXNRD3","thioredoxin reductase 3 [Source:HGNC Symbol;Acc:HGNC:20667]","UNIPROTSWISSPROT_ACC,UNIPROT_GN_ACC"
"O60259","ENSP00000291726","KLK8","kallikrein related peptidase 8 [Source:HGNC Symbol;Acc:HGNC:6369]","UNIPROTSWISSPROT_ACC,UNIPROT_GN_ACC"
"O60259","ENSP00000325072","KLK8","kallikrein related peptidase 8 [Source:HGNC Symbol;Acc:HGNC:6369]","UNIPROTSWISSPROT_ACC,UNIPROT_GN_ACC"
"O60259","ENSP00000341555","KLK8","kallikrein related peptidase 8 [Source:HGNC Symbol;Acc:HGNC:6369]","UNIPROTSWISSPROT_ACC,UNIPROT_GN_ACC"
"O60259","ENSP00000375682","KLK8","kallikrein related peptidase 8 [Source:HGNC Symbol;Acc:HGNC:6369]","UNIPROTSWISSPROT_ACC,UNIPROT_GN_ACC"
"O60259","ENSP00000469278","KLK8","kallikrein related peptidase 8 [Source:HGNC Symbol;Acc:HGNC:6369]","UNIPROTSWISSPROT_ACC,UNIPROT_GN_ACC"
"O60259","ENSP00000472016","KLK8","kallikrein related peptidase 8 [Source:HGNC Symbol;Acc:HGNC:6369]","UNIPROTSWISSPROT_ACC,UNIPROT_GN_ACC"
"O60259","ENSP00000472273","KLK8","kallikrein related peptidase 8 [Source:HGNC Symbol;Acc:HGNC:6369]","UNIPROTSWISSPROT_ACC,UNIPROT_GN_ACC"
"O60259","ENSP00000473067","KLK8","kallikrein related peptidase 8 [Source:HGNC Symbol;Acc:HGNC:6369]","UNIPROTSWISSPROT_ACC,UNIPROT_GN_ACC"
"O60259","ENSP00000512260","KLK8","kallikrein related peptidase 8 [Source:HGNC Symbol;Acc:HGNC:6369]","UNIPROTSWISSPROT_ACC,UNIPROT_GN_ACC"
"P18077","ENSP00000341619","GATA3","GATA binding protein 3 [Source:HGNC Symbol;Acc:HGNC:4172]","AGILENT_GPL19072,UNIPROTSWISSPROT_ACC,UNIPROT_GN_ACC"
"P18077","ENSP00000368632","GATA3","GATA binding protein 3 [Source:HGNC Symbol;Acc:HGNC:4172]","AGILENT_GPL19072,UNIPROTSWISSPROT_ACC,UNIPROT_GN_ACC"
"P18077","ENSP00000493486","GATA3","GATA binding protein 3 [Source:HGNC Symbol;Acc:HGNC:4172]","AGILENT_GPL19072,UNIPROTSWISSPROT_ACC,UNIPROT_GN_ACC"
"P18077","ENSP00000494284","GATA3","GATA binding protein 3 [Source:HGNC Symbol;Acc:HGNC:4172]","AGILENT_GPL19072,UNIPROTSWISSPROT_ACC,UNIPROT_GN_ACC"
"P18077","ENSP00000515407","GATA3","GATA binding protein 3 [Source:HGNC Symbol;Acc:HGNC:4172]","AGILENT_GPL19072,UNIPROTSWISSPROT_ACC,UNIPROT_GN_ACC"
"P18077","ENSP00000387688","RPL35A","ribosomal protein L35a [Source:HGNC Symbol;Acc:HGNC:10345]","AGILENT_GPL19072,UNIPROTSWISSPROT_ACC,UNIPROT_GN_ACC"
"P18077","ENSP00000393393","RPL35A","ribosomal protein L35a [Source:HGNC Symbol;Acc:HGNC:10345]","AGILENT_GPL19072,UNIPROTSWISSPROT_ACC,UNIPROT_GN_ACC"
"P18077","ENSP00000398058","RPL35A","ribosomal protein L35a [Source:HGNC Symbol;Acc:HGNC:10345]","AGILENT_GPL19072,UNIPROTSWISSPROT_ACC,UNIPROT_GN_ACC"
"P18077","ENSP00000410683","RPL35A","ribosomal protein L35a [Source:HGNC Symbol;Acc:HGNC:10345]","AGILENT_GPL19072,UNIPROTSWISSPROT_ACC,UNIPROT_GN_ACC"
"P18077","ENSP00000495672","RPL35A","ribosomal protein L35a [Source:HGNC Symbol;Acc:HGNC:10345]","AGILENT_GPL19072,UNIPROTSWISSPROT_ACC,UNIPROT_GN_ACC"
"O43623","ENSP00000020945","SNAI2","snail family transcriptional repressor 2 [Source:HGNC Symbol;Acc:HGNC:11094]","UNIPROTSWISSPROT_ACC,UNIPROT_GN_ACC"
"O43623","ENSP00000380034","SNAI2","snail family transcriptional repressor 2 [Source:HGNC Symbol;Acc:HGNC:11094]","UNIPROTSWISSPROT_ACC,UNIPROT_GN_ACC"
"P54819","ENSP00000346921","AK2","adenylate kinase 2 [Source:HGNC Symbol;Acc:HGNC:362]","UNIPROTSWISSPROT_ACC,UNIPROT_GN_ACC"
"P54819","ENSP00000362548","AK2","adenylate kinase 2 [Source:HGNC Symbol;Acc:HGNC:362]","UNIPROTSWISSPROT_ACC,UNIPROT_GN_ACC"
"P54819","ENSP00000446849","AK2","adenylate kinase 2 [Source:HGNC Symbol;Acc:HGNC:362]","UNIPROTSWISSPROT_ACC,UNIPROT_GN_ACC"
"P54819","ENSP00000447082","AK2","adenylate kinase 2 [Source:HGNC Symbol;Acc:HGNC:362]","UNIPROTSWISSPROT_ACC,UNIPROT_GN_ACC"
"P54819","ENSP00000449003","AK2","adenylate kinase 2 [Source:HGNC Symbol;Acc:HGNC:362]","UNIPROTSWISSPROT_ACC,UNIPROT_GN_ACC"
"P54819","ENSP00000450008","AK2","adenylate kinase 2 [Source:HGNC Symbol;Acc:HGNC:362]","UNIPROTSWISSPROT_ACC,UNIPROT_GN_ACC"
"P54819","ENSP00000450109","AK2","adenylate kinase 2 [Source:HGNC Symbol;Acc:HGNC:362]","UNIPROTSWISSPROT_ACC,UNIPROT_GN_ACC"
"P54819","ENSP00000499935","AK2","adenylate kinase 2 [Source:HGNC Symbol;Acc:HGNC:362]","UNIPROTSWISSPROT_ACC,UNIPROT_GN_ACC"
"P54819","ENSP00000500549","AK2","adenylate kinase 2 [Source:HGNC Symbol;Acc:HGNC:362]","UNIPROTSWISSPROT_ACC,UNIPROT_GN_ACC"
"P54819","ENSP00000512046","AK2","adenylate kinase 2 [Source:HGNC Symbol;Acc:HGNC:362]","UNIPROTSWISSPROT_ACC,UNIPROT_GN_ACC"
"P54819","ENSP00000512047","AK2","adenylate kinase 2 [Source:HGNC Symbol;Acc:HGNC:362]","UNIPROTSWISSPROT_ACC,UNIPROT_GN_ACC"
"P54819","ENSP00000512048","AK2","adenylate kinase 2 [Source:HGNC Symbol;Acc:HGNC:362]","UNIPROTSWISSPROT_ACC,UNIPROT_GN_ACC"
"P54819","ENSP00000512049","AK2","adenylate kinase 2 [Source:HGNC Symbol;Acc:HGNC:362]","UNIPROTSWISSPROT_ACC,UNIPROT_GN_ACC"
"P54819","ENSP00000512050","AK2","adenylate kinase 2 [Source:HGNC Symbol;Acc:HGNC:362]","UNIPROTSWISSPROT_ACC,UNIPROT_GN_ACC"
"P54819","ENSP00000512051","AK2","adenylate kinase 2 [Source:HGNC Symbol;Acc:HGNC:362]","UNIPROTSWISSPROT_ACC,UNIPROT_GN_ACC"
"Q9H4H8","ENSP00000481110","FAM83D","family with sequence similarity 83 member D [Source:HGNC Symbol;Acc:HGNC:16122]","UNIPROTSWISSPROT_ACC,UNIPROT_GN_ACC"
"Q9H4H8","ENSP00000481465","FAM83D","family with sequence similarity 83 member D [Source:HGNC Symbol;Acc:HGNC:16122]","UNIPROTSWISSPROT_ACC,UNIPROT_GN_ACC"
"O14757","ENSP00000278916","CHEK1","checkpoint kinase 1 [Source:HGNC Symbol;Acc:HGNC:1925]","UNIPROTSWISSPROT_ACC,UNIPROT_GN_ACC"
"O14757","ENSP00000388648","CHEK1","checkpoint kinase 1 [Source:HGNC Symbol;Acc:HGNC:1925]","UNIPROTSWISSPROT_ACC,UNIPROT_GN_ACC"
"O14757","ENSP00000391090","CHEK1","checkpoint kinase 1 [Source:HGNC Symbol;Acc:HGNC:1925]","UNIPROTSWISSPROT_ACC,UNIPROT_GN_ACC"
"O14757","ENSP00000412504","CHEK1","checkpoint kinase 1 [Source:HGNC Symbol;Acc:HGNC:1925]","UNIPROTSWISSPROT_ACC,UNIPROT_GN_ACC"
"O14757","ENSP00000431525","CHEK1","checkpoint kinase 1 [Source:HGNC Symbol;Acc:HGNC:1925]","UNIPROTSWISSPROT_ACC,UNIPROT_GN_ACC"
"O14757","ENSP00000431815","CHEK1","checkpoint kinase 1 [Source:HGNC Symbol;Acc:HGNC:1925]","UNIPROTSWISSPROT_ACC,UNIPROT_GN_ACC"
"O14757","ENSP00000432470","CHEK1","checkpoint kinase 1 [Source:HGNC Symbol;Acc:HGNC:1925]","UNIPROTSWISSPROT_ACC,UNIPROT_GN_ACC"
"O14757","ENSP00000432890","CHEK1","checkpoint kinase 1 [Source:HGNC Symbol;Acc:HGNC:1925]","UNIPROTSWISSPROT_ACC,UNIPROT_GN_ACC"
"O14757","ENSP00000434141","CHEK1","checkpoint kinase 1 [Source:HGNC Symbol;Acc:HGNC:1925]","UNIPROTSWISSPROT_ACC,UNIPROT_GN_ACC"
"O14757","ENSP00000434646","CHEK1","checkpoint kinase 1 [Source:HGNC Symbol;Acc:HGNC:1925]","UNIPROTSWISSPROT_ACC,UNIPROT_GN_ACC"
"O14757","ENSP00000435371","CHEK1","checkpoint kinase 1 [Source:HGNC Symbol;Acc:HGNC:1925]","UNIPROTSWISSPROT_ACC,UNIPROT_GN_ACC"
"O14757","ENSP00000442317","CHEK1","checkpoint kinase 1 [Source:HGNC Symbol;Acc:HGNC:1925]","UNIPROTSWISSPROT_ACC,UNIPROT_GN_ACC"
"O14757","ENSP00000477588","CHEK1","checkpoint kinase 1 [Source:HGNC Symbol;Acc:HGNC:1925]","UNIPROTSWISSPROT_ACC,UNIPROT_GN_ACC"
"O14757","ENSP00000481616","CHEK1","checkpoint kinase 1 [Source:HGNC Symbol;Acc:HGNC:1925]","UNIPROTSWISSPROT_ACC,UNIPROT_GN_ACC"
"O14757","ENSP00000518558","CHEK1","checkpoint kinase 1 [Source:HGNC Symbol;Acc:HGNC:1925]","UNIPROTSWISSPROT_ACC,UNIPROT_GN_ACC"
"P06753","ENSP00000271850","TPM3","tropomyosin 3 [Source:HGNC Symbol;Acc:HGNC:12012]","UNIPROTSWISSPROT_ACC,UNIPROT_GN_ACC"
"P06753","ENSP00000307712","TPM3","tropomyosin 3 [Source:HGNC Symbol;Acc:HGNC:12012]","UNIPROTSWISSPROT_ACC,UNIPROT_GN_ACC"
"P06753","ENSP00000339035","TPM3","tropomyosin 3 [Source:HGNC Symbol;Acc:HGNC:12012]","UNIPROTSWISSPROT_ACC,UNIPROT_GN_ACC"
"P06753","ENSP00000339378","TPM3","tropomyosin 3 [Source:HGNC Symbol;Acc:HGNC:12012]","UNIPROTSWISSPROT_ACC,UNIPROT_GN_ACC"
"P06753","ENSP00000341653","TPM3","tropomyosin 3 [Source:HGNC Symbol;Acc:HGNC:12012]","UNIPROTSWISSPROT_ACC,UNIPROT_GN_ACC"
"P06753","ENSP00000357516","TPM3","tropomyosin 3 [Source:HGNC Symbol;Acc:HGNC:12012]","UNIPROTSWISSPROT_ACC,UNIPROT_GN_ACC"
"P06753","ENSP00000357517","TPM3","tropomyosin 3 [Source:HGNC Symbol;Acc:HGNC:12012]","UNIPROTSWISSPROT_ACC,UNIPROT_GN_ACC"
"P06753","ENSP00000357518","TPM3","tropomyosin 3 [Source:HGNC Symbol;Acc:HGNC:12012]","UNIPROTSWISSPROT_ACC,UNIPROT_GN_ACC"
"P06753","ENSP00000357520","TPM3","tropomyosin 3 [Source:HGNC Symbol;Acc:HGNC:12012]","UNIPROTSWISSPROT_ACC,UNIPROT_GN_ACC"
"P06753","ENSP00000357521","TPM3","tropomyosin 3 [Source:HGNC Symbol;Acc:HGNC:12012]","UNIPROTSWISSPROT_ACC,UNIPROT_GN_ACC"
"P06753","ENSP00000422207","TPM3","tropomyosin 3 [Source:HGNC Symbol;Acc:HGNC:12012]","UNIPROTSWISSPROT_ACC,UNIPROT_GN_ACC"
"P06753","ENSP00000426306","TPM3","tropomyosin 3 [Source:HGNC Symbol;Acc:HGNC:12012]","UNIPROTSWISSPROT_ACC,UNIPROT_GN_ACC"
"P06753","ENSP00000426521","TPM3","tropomyosin 3 [Source:HGNC Symbol;Acc:HGNC:12012]","UNIPROTSWISSPROT_ACC,UNIPROT_GN_ACC"
"P06753","ENSP00000480520","TPM3","tropomyosin 3 [Source:HGNC Symbol;Acc:HGNC:12012]","UNIPROTSWISSPROT_ACC,UNIPROT_GN_ACC"
"P06753","ENSP00000498347","TPM3","tropomyosin 3 [Source:HGNC Symbol;Acc:HGNC:12012]","UNIPROTSWISSPROT_ACC,UNIPROT_GN_ACC"
"P06753","ENSP00000498531","TPM3","tropomyosin 3 [Source:HGNC Symbol;Acc:HGNC:12012]","UNIPROTSWISSPROT_ACC,UNIPROT_GN_ACC"
"P06753","ENSP00000498577","TPM3","tropomyosin 3 [Source:HGNC Symbol;Acc:HGNC:12012]","UNIPROTSWISSPROT_ACC,UNIPROT_GN_ACC"
"P06753","ENSP00000498648","TPM3","tropomyosin 3 [Source:HGNC Symbol;Acc:HGNC:12012]","UNIPROTSWISSPROT_ACC,UNIPROT_GN_ACC"
"Q9Y6M1","ENSP00000320204","IGF2BP2","insulin like growth factor 2 mRNA binding protein 2 [Source:HGNC Symbol;Acc:HGNC:28867]","UNIPROTSWISSPROT_ACC,UNIPROT_GN_ACC"
"Q9Y6M1","ENSP00000371634","IGF2BP2","insulin like growth factor 2 mRNA binding protein 2 [Source:HGNC Symbol;Acc:HGNC:28867]","UNIPROTSWISSPROT_ACC,UNIPROT_GN_ACC"
"Q9Y6M1","ENSP00000410242","IGF2BP2","insulin like growth factor 2 mRNA binding protein 2 [Source:HGNC Symbol;Acc:HGNC:28867]","UNIPROTSWISSPROT_ACC,UNIPROT_GN_ACC"
"Q9Y6M1","ENSP00000413787","IGF2BP2","insulin like growth factor 2 mRNA binding protein 2 [Source:HGNC Symbol;Acc:HGNC:28867]","UNIPROTSWISSPROT_ACC,UNIPROT_GN_ACC"
"P01135","ENSP00000295400","TGFA","transforming growth factor alpha [Source:HGNC Symbol;Acc:HGNC:11765]","UNIPROTSWISSPROT_ACC,UNIPROT_GN_ACC"
"P01135","ENSP00000377787","TGFA","transforming growth factor alpha [Source:HGNC Symbol;Acc:HGNC:11765]","UNIPROTSWISSPROT_ACC,UNIPROT_GN_ACC"
"P01135","ENSP00000387493","TGFA","transforming growth factor alpha [Source:HGNC Symbol;Acc:HGNC:11765]","UNIPROTSWISSPROT_ACC,UNIPROT_GN_ACC"
"P01135","ENSP00000404099","TGFA","transforming growth factor alpha [Source:HGNC Symbol;Acc:HGNC:11765]","UNIPROTSWISSPROT_ACC,UNIPROT_GN_ACC"
"P01135","ENSP00000404131","TGFA","transforming growth factor alpha [Source:HGNC Symbol;Acc:HGNC:11765]","UNIPROTSWISSPROT_ACC,UNIPROT_GN_ACC"
"P01135","ENSP00000407432","TGFA","transforming growth factor alpha [Source:HGNC Symbol;Acc:HGNC:11765]","UNIPROTSWISSPROT_ACC,UNIPROT_GN_ACC"
"P01135","ENSP00000414127","TGFA","transforming growth factor alpha [Source:HGNC Symbol;Acc:HGNC:11765]","UNIPROTSWISSPROT_ACC,UNIPROT_GN_ACC"
"Q8N1P7","ENSP00000310435","CRYBG2","crystallin beta-gamma domain containing 2 [Source:HGNC Symbol;Acc:HGNC:17295]","UNIPROTSWISSPROT_ACC,UNIPROT_GN_ACC"
"Q8N1P7","ENSP00000409834","CRYBG2","crystallin beta-gamma domain containing 2 [Source:HGNC Symbol;Acc:HGNC:17295]","UNIPROTSWISSPROT_ACC,UNIPROT_GN_ACC"
"Q8N1P7","ENSP00000428746","CRYBG2","crystallin beta-gamma domain containing 2 [Source:HGNC Symbol;Acc:HGNC:17295]","UNIPROTSWISSPROT_ACC,UNIPROT_GN_ACC"
"Q5W0Z9","ENSP00000313583","ZDHHC20","zinc finger DHHC-type palmitoyltransferase 20 [Source:HGNC Symbol;Acc:HGNC:20749]","UNIPROTSWISSPROT_ACC,UNIPROT_GN_ACC"
"Q5W0Z9","ENSP00000371905","ZDHHC20","zinc finger DHHC-type palmitoyltransferase 20 [Source:HGNC Symbol;Acc:HGNC:20749]","UNIPROTSWISSPROT_ACC,UNIPROT_GN_ACC"
"Q5W0Z9","ENSP00000383433","ZDHHC20","zinc finger DHHC-type palmitoyltransferase 20 [Source:HGNC Symbol;Acc:HGNC:20749]","UNIPROTSWISSPROT_ACC,UNIPROT_GN_ACC"
"Q5W0Z9","ENSP00000401232","ZDHHC20","zinc finger DHHC-type palmitoyltransferase 20 [Source:HGNC Symbol;Acc:HGNC:20749]","UNIPROTSWISSPROT_ACC,UNIPROT_GN_ACC"
"Q5W0Z9","ENSP00000443236","ZDHHC20","zinc finger DHHC-type palmitoyltransferase 20 [Source:HGNC Symbol;Acc:HGNC:20749]","UNIPROTSWISSPROT_ACC,UNIPROT_GN_ACC"
"Q5W0Z9","ENSP00000485858","ZDHHC20","zinc finger DHHC-type palmitoyltransferase 20 [Source:HGNC Symbol;Acc:HGNC:20749]","UNIPROTSWISSPROT_ACC,UNIPROT_GN_ACC"
"Q5W0Z9","ENSP00000515156","ZDHHC20","zinc finger DHHC-type palmitoyltransferase 20 [Source:HGNC Symbol;Acc:HGNC:20749]","UNIPROTSWISSPROT_ACC,UNIPROT_GN_ACC"
"P26006","ENSP00000007722","ITGA3","integrin subunit alpha 3 [Source:HGNC Symbol;Acc:HGNC:6139]","UNIPROTSWISSPROT_ACC,UNIPROT_GN_ACC"
"P26006","ENSP00000315190","ITGA3","integrin subunit alpha 3 [Source:HGNC Symbol;Acc:HGNC:6139]","UNIPROTSWISSPROT_ACC,UNIPROT_GN_ACC"
"P26006","ENSP00000422826","ITGA3","integrin subunit alpha 3 [Source:HGNC Symbol;Acc:HGNC:6139]","UNIPROTSWISSPROT_ACC,UNIPROT_GN_ACC"
"P26006","ENSP00000425980","ITGA3","integrin subunit alpha 3 [Source:HGNC Symbol;Acc:HGNC:6139]","UNIPROTSWISSPROT_ACC,UNIPROT_GN_ACC"
"P26006","ENSP00000426142","ITGA3","integrin subunit alpha 3 [Source:HGNC Symbol;Acc:HGNC:6139]","UNIPROTSWISSPROT_ACC,UNIPROT_GN_ACC"
"P26006","ENSP00000466652","ITGA3","integrin subunit alpha 3 [Source:HGNC Symbol;Acc:HGNC:6139]","UNIPROTSWISSPROT_ACC,UNIPROT_GN_ACC"
"P26006","ENSP00000467851","ITGA3","integrin subunit alpha 3 [Source:HGNC Symbol;Acc:HGNC:6139]","UNIPROTSWISSPROT_ACC,UNIPROT_GN_ACC"
"P67936","ENSP00000300933","TPM4","tropomyosin 4 [Source:HGNC Symbol;Acc:HGNC:12013]","UNIPROTSWISSPROT_ACC,UNIPROT_GN_ACC"
"P67936","ENSP00000345230","TPM4","tropomyosin 4 [Source:HGNC Symbol;Acc:HGNC:12013]","UNIPROTSWISSPROT_ACC,UNIPROT_GN_ACC"
"P67936","ENSP00000466158","TPM4","tropomyosin 4 [Source:HGNC Symbol;Acc:HGNC:12013]","UNIPROTSWISSPROT_ACC,UNIPROT_GN_ACC"
"P67936","ENSP00000467087","TPM4","tropomyosin 4 [Source:HGNC Symbol;Acc:HGNC:12013]","UNIPROTSWISSPROT_ACC,UNIPROT_GN_ACC"
"P67936","ENSP00000467319","TPM4","tropomyosin 4 [Source:HGNC Symbol;Acc:HGNC:12013]","UNIPROTSWISSPROT_ACC,UNIPROT_GN_ACC"
"P67936","ENSP00000468246","TPM4","tropomyosin 4 [Source:HGNC Symbol;Acc:HGNC:12013]","UNIPROTSWISSPROT_ACC,UNIPROT_GN_ACC"
"P67936","ENSP00000494125","TPM4","tropomyosin 4 [Source:HGNC Symbol;Acc:HGNC:12013]","UNIPROTSWISSPROT_ACC,UNIPROT_GN_ACC"
"P67936","ENSP00000494589","TPM4","tropomyosin 4 [Source:HGNC Symbol;Acc:HGNC:12013]","UNIPROTSWISSPROT_ACC,UNIPROT_GN_ACC"
"P67936","ENSP00000494867","TPM4","tropomyosin 4 [Source:HGNC Symbol;Acc:HGNC:12013]","UNIPROTSWISSPROT_ACC,UNIPROT_GN_ACC"
"P67936","ENSP00000495135","TPM4","tropomyosin 4 [Source:HGNC Symbol;Acc:HGNC:12013]","UNIPROTSWISSPROT_ACC,UNIPROT_GN_ACC"
"P67936","ENSP00000495347","TPM4","tropomyosin 4 [Source:HGNC Symbol;Acc:HGNC:12013]","UNIPROTSWISSPROT_ACC,UNIPROT_GN_ACC"
"P67936","ENSP00000495506","TPM4","tropomyosin 4 [Source:HGNC Symbol;Acc:HGNC:12013]","UNIPROTSWISSPROT_ACC,UNIPROT_GN_ACC"
"P67936","ENSP00000496389","TPM4","tropomyosin 4 [Source:HGNC Symbol;Acc:HGNC:12013]","UNIPROTSWISSPROT_ACC,UNIPROT_GN_ACC"
"P67936","ENSP00000496574","TPM4","tropomyosin 4 [Source:HGNC Symbol;Acc:HGNC:12013]","UNIPROTSWISSPROT_ACC,UNIPROT_GN_ACC"
"P67936","ENSP00000496648","TPM4","tropomyosin 4 [Source:HGNC Symbol;Acc:HGNC:12013]","UNIPROTSWISSPROT_ACC,UNIPROT_GN_ACC"
"P67936","ENSP00000499346","TPM4","tropomyosin 4 [Source:HGNC Symbol;Acc:HGNC:12013]","UNIPROTSWISSPROT_ACC,UNIPROT_GN_ACC"
"P67936","ENSP00000499765","TPM4","tropomyosin 4 [Source:HGNC Symbol;Acc:HGNC:12013]","UNIPROTSWISSPROT_ACC,UNIPROT_GN_ACC"
"P67936","ENSP00000499790","TPM4","tropomyosin 4 [Source:HGNC Symbol;Acc:HGNC:12013]","UNIPROTSWISSPROT_ACC,UNIPROT_GN_ACC"
"Q9BQE3","ENSP00000301072","TUBA1C","tubulin alpha 1c [Source:HGNC Symbol;Acc:HGNC:20768]","UNIPROTSWISSPROT_ACC,UNIPROT_GN_ACC"
"Q9BQE3","ENSP00000443475","TUBA1C","tubulin alpha 1c [Source:HGNC Symbol;Acc:HGNC:20768]","UNIPROTSWISSPROT_ACC,UNIPROT_GN_ACC"
"Q9BQE3","ENSP00000447669","TUBA1C","tubulin alpha 1c [Source:HGNC Symbol;Acc:HGNC:20768]","UNIPROTSWISSPROT_ACC,UNIPROT_GN_ACC"
"Q9BQE3","ENSP00000447910","TUBA1C","tubulin alpha 1c [Source:HGNC Symbol;Acc:HGNC:20768]","UNIPROTSWISSPROT_ACC,UNIPROT_GN_ACC"
"Q9BQE3","ENSP00000448211","TUBA1C","tubulin alpha 1c [Source:HGNC Symbol;Acc:HGNC:20768]","UNIPROTSWISSPROT_ACC,UNIPROT_GN_ACC"
"Q9BQE3","ENSP00000448646","TUBA1C","tubulin alpha 1c [Source:HGNC Symbol;Acc:HGNC:20768]","UNIPROTSWISSPROT_ACC,UNIPROT_GN_ACC"
"Q9H816","ENSP00000497557","DCLRE1B","DNA cross-link repair 1B [Source:HGNC Symbol;Acc:HGNC:17641]","UNIPROTSWISSPROT_ACC,UNIPROT_GN_ACC"
"Q9H816","ENSP00000497696","DCLRE1B","DNA cross-link repair 1B [Source:HGNC Symbol;Acc:HGNC:17641]","UNIPROTSWISSPROT_ACC,UNIPROT_GN_ACC"
"Q9H816","ENSP00000497882","DCLRE1B","DNA cross-link repair 1B [Source:HGNC Symbol;Acc:HGNC:17641]","UNIPROTSWISSPROT_ACC,UNIPROT_GN_ACC"
"Q9H816","ENSP00000498042","DCLRE1B","DNA cross-link repair 1B [Source:HGNC Symbol;Acc:HGNC:17641]","UNIPROTSWISSPROT_ACC,UNIPROT_GN_ACC"
"P13987","ENSP00000340210","CD59","CD59 molecule (CD59 blood group) [Source:HGNC Symbol;Acc:HGNC:1689]","AGILENT_GPL19072,UNIPROTSWISSPROT_ACC,UNIPROT_GN_ACC"
"P13987","ENSP00000379191","CD59","CD59 molecule (CD59 blood group) [Source:HGNC Symbol;Acc:HGNC:1689]","AGILENT_GPL19072,UNIPROTSWISSPROT_ACC,UNIPROT_GN_ACC"
"P13987","ENSP00000402425","CD59","CD59 molecule (CD59 blood group) [Source:HGNC Symbol;Acc:HGNC:1689]","AGILENT_GPL19072,UNIPROTSWISSPROT_ACC,UNIPROT_GN_ACC"
"P13987","ENSP00000403511","CD59","CD59 molecule (CD59 blood group) [Source:HGNC Symbol;Acc:HGNC:1689]","AGILENT_GPL19072,UNIPROTSWISSPROT_ACC,UNIPROT_GN_ACC"
"P13987","ENSP00000404822","CD59","CD59 molecule (CD59 blood group) [Source:HGNC Symbol;Acc:HGNC:1689]","AGILENT_GPL19072,UNIPROTSWISSPROT_ACC,UNIPROT_GN_ACC"
"P13987","ENSP00000410182","CD59","CD59 molecule (CD59 blood group) [Source:HGNC Symbol;Acc:HGNC:1689]","AGILENT_GPL19072,UNIPROTSWISSPROT_ACC,UNIPROT_GN_ACC"
"P13987","ENSP00000432942","CD59","CD59 molecule (CD59 blood group) [Source:HGNC Symbol;Acc:HGNC:1689]","AGILENT_GPL19072,UNIPROTSWISSPROT_ACC,UNIPROT_GN_ACC"
"P13987","ENSP00000434617","CD59","CD59 molecule (CD59 blood group) [Source:HGNC Symbol;Acc:HGNC:1689]","AGILENT_GPL19072,UNIPROTSWISSPROT_ACC,UNIPROT_GN_ACC"
"P13987","ENSP00000436737","CD59","CD59 molecule (CD59 blood group) [Source:HGNC Symbol;Acc:HGNC:1689]","AGILENT_GPL19072,UNIPROTSWISSPROT_ACC,UNIPROT_GN_ACC"
"P13987","ENSP00000494884","CD59","CD59 molecule (CD59 blood group) [Source:HGNC Symbol;Acc:HGNC:1689]","AGILENT_GPL19072,UNIPROTSWISSPROT_ACC,UNIPROT_GN_ACC"
"P13987","ENSP00000495784","CD59","CD59 molecule (CD59 blood group) [Source:HGNC Symbol;Acc:HGNC:1689]","AGILENT_GPL19072,UNIPROTSWISSPROT_ACC,UNIPROT_GN_ACC"
"P13987","ENSP00000498387","CD59","CD59 molecule (CD59 blood group) [Source:HGNC Symbol;Acc:HGNC:1689]","AGILENT_GPL19072,UNIPROTSWISSPROT_ACC,UNIPROT_GN_ACC"
"P13987","ENSP00000498448","CD59","CD59 molecule (CD59 blood group) [Source:HGNC Symbol;Acc:HGNC:1689]","AGILENT_GPL19072,UNIPROTSWISSPROT_ACC,UNIPROT_GN_ACC"
"P13987","ENSP00000498762","CD59","CD59 molecule (CD59 blood group) [Source:HGNC Symbol;Acc:HGNC:1689]","AGILENT_GPL19072,UNIPROTSWISSPROT_ACC,UNIPROT_GN_ACC"
"P13987","ENSP00000498879","CD59","CD59 molecule (CD59 blood group) [Source:HGNC Symbol;Acc:HGNC:1689]","AGILENT_GPL19072,UNIPROTSWISSPROT_ACC,UNIPROT_GN_ACC"
"P13987","ENSP00000516379","CD59","CD59 molecule (CD59 blood group) [Source:HGNC Symbol;Acc:HGNC:1689]","AGILENT_GPL19072,UNIPROTSWISSPROT_ACC,UNIPROT_GN_ACC"
"O15554","ENSP00000470339","KCNN4","potassium calcium-activated channel subfamily N member 4 [Source:HGNC Symbol;Acc:HGNC:6293]","UNIPROTSWISSPROT_ACC,UNIPROT_GN_ACC"
"O15554","ENSP00000471900","KCNN4","potassium calcium-activated channel subfamily N member 4 [Source:HGNC Symbol;Acc:HGNC:6293]","UNIPROTSWISSPROT_ACC,UNIPROT_GN_ACC"
"O15554","ENSP00000472510","KCNN4","potassium calcium-activated channel subfamily N member 4 [Source:HGNC Symbol;Acc:HGNC:6293]","UNIPROTSWISSPROT_ACC,UNIPROT_GN_ACC"
"O15554","ENSP00000472513","KCNN4","potassium calcium-activated channel subfamily N member 4 [Source:HGNC Symbol;Acc:HGNC:6293]","UNIPROTSWISSPROT_ACC,UNIPROT_GN_ACC"
"O15554","ENSP00000496939","KCNN4","potassium calcium-activated channel subfamily N member 4 [Source:HGNC Symbol;Acc:HGNC:6293]","UNIPROTSWISSPROT_ACC,UNIPROT_GN_ACC"
"Q9UNH7","ENSP00000355217","SNX6","sorting nexin 6 [Source:HGNC Symbol;Acc:HGNC:14970]","UNIPROTSWISSPROT_ACC,UNIPROT_GN_ACC"
"Q9UNH7","ENSP00000379779","SNX6","sorting nexin 6 [Source:HGNC Symbol;Acc:HGNC:14970]","UNIPROTSWISSPROT_ACC,UNIPROT_GN_ACC"
"Q9UNH7","ENSP00000450863","SNX6","sorting nexin 6 [Source:HGNC Symbol;Acc:HGNC:14970]","UNIPROTSWISSPROT_ACC,UNIPROT_GN_ACC"
"Q9UNH7","ENSP00000451415","SNX6","sorting nexin 6 [Source:HGNC Symbol;Acc:HGNC:14970]","UNIPROTSWISSPROT_ACC,UNIPROT_GN_ACC"
"Q9UNH7","ENSP00000452082","SNX6","sorting nexin 6 [Source:HGNC Symbol;Acc:HGNC:14970]","UNIPROTSWISSPROT_ACC,UNIPROT_GN_ACC"
"Q9UNH7","ENSP00000452231","SNX6","sorting nexin 6 [Source:HGNC Symbol;Acc:HGNC:14970]","UNIPROTSWISSPROT_ACC,UNIPROT_GN_ACC"
"Q9UNH7","ENSP00000452520","SNX6","sorting nexin 6 [Source:HGNC Symbol;Acc:HGNC:14970]","UNIPROTSWISSPROT_ACC,UNIPROT_GN_ACC"
"Q9UNH7","ENSP00000452577","SNX6","sorting nexin 6 [Source:HGNC Symbol;Acc:HGNC:14970]","UNIPROTSWISSPROT_ACC,UNIPROT_GN_ACC"
"Q9UNH7","ENSP00000498872","SNX6","sorting nexin 6 [Source:HGNC Symbol;Acc:HGNC:14970]","UNIPROTSWISSPROT_ACC,UNIPROT_GN_ACC"
"Q13261","ENSP00000369306","IL15RA","interleukin 15 receptor subunit alpha [Source:HGNC Symbol;Acc:HGNC:5978]","UNIPROTSWISSPROT_ACC,UNIPROT_GN_ACC"
"Q13261","ENSP00000369312","IL15RA","interleukin 15 receptor subunit alpha [Source:HGNC Symbol;Acc:HGNC:5978]","UNIPROTSWISSPROT_ACC,UNIPROT_GN_ACC"
"Q13261","ENSP00000380420","IL15RA","interleukin 15 receptor subunit alpha [Source:HGNC Symbol;Acc:HGNC:5978]","UNIPROTSWISSPROT_ACC,UNIPROT_GN_ACC"
"Q13261","ENSP00000380421","IL15RA","interleukin 15 receptor subunit alpha [Source:HGNC Symbol;Acc:HGNC:5978]","UNIPROTSWISSPROT_ACC,UNIPROT_GN_ACC"
"Q13261","ENSP00000380422","IL15RA","interleukin 15 receptor subunit alpha [Source:HGNC Symbol;Acc:HGNC:5978]","UNIPROTSWISSPROT_ACC,UNIPROT_GN_ACC"
"Q13261","ENSP00000380423","IL15RA","interleukin 15 receptor subunit alpha [Source:HGNC Symbol;Acc:HGNC:5978]","UNIPROTSWISSPROT_ACC,UNIPROT_GN_ACC"
"Q13261","ENSP00000380426","IL15RA","interleukin 15 receptor subunit alpha [Source:HGNC Symbol;Acc:HGNC:5978]","UNIPROTSWISSPROT_ACC,UNIPROT_GN_ACC"
"Q13261","ENSP00000393612","IL15RA","interleukin 15 receptor subunit alpha [Source:HGNC Symbol;Acc:HGNC:5978]","UNIPROTSWISSPROT_ACC,UNIPROT_GN_ACC"
"Q13261","ENSP00000395113","IL15RA","interleukin 15 receptor subunit alpha [Source:HGNC Symbol;Acc:HGNC:5978]","UNIPROTSWISSPROT_ACC,UNIPROT_GN_ACC"
"Q13261","ENSP00000405107","IL15RA","interleukin 15 receptor subunit alpha [Source:HGNC Symbol;Acc:HGNC:5978]","UNIPROTSWISSPROT_ACC,UNIPROT_GN_ACC"
"Q13261","ENSP00000405128","IL15RA","interleukin 15 receptor subunit alpha [Source:HGNC Symbol;Acc:HGNC:5978]","UNIPROTSWISSPROT_ACC,UNIPROT_GN_ACC"
"Q13261","ENSP00000431529","IL15RA","interleukin 15 receptor subunit alpha [Source:HGNC Symbol;Acc:HGNC:5978]","UNIPROTSWISSPROT_ACC,UNIPROT_GN_ACC"
"Q13261","ENSP00000432691","IL15RA","interleukin 15 receptor subunit alpha [Source:HGNC Symbol;Acc:HGNC:5978]","UNIPROTSWISSPROT_ACC,UNIPROT_GN_ACC"
"Q13261","ENSP00000435454","IL15RA","interleukin 15 receptor subunit alpha [Source:HGNC Symbol;Acc:HGNC:5978]","UNIPROTSWISSPROT_ACC,UNIPROT_GN_ACC"
"Q13261","ENSP00000435995","IL15RA","interleukin 15 receptor subunit alpha [Source:HGNC Symbol;Acc:HGNC:5978]","UNIPROTSWISSPROT_ACC,UNIPROT_GN_ACC"
"Q13261","ENSP00000478525","IL15RA","interleukin 15 receptor subunit alpha [Source:HGNC Symbol;Acc:HGNC:5978]","UNIPROTSWISSPROT_ACC,UNIPROT_GN_ACC"
"Q13261","ENSP00000479839","IL15RA","interleukin 15 receptor subunit alpha [Source:HGNC Symbol;Acc:HGNC:5978]","UNIPROTSWISSPROT_ACC,UNIPROT_GN_ACC"
"Q13261","ENSP00000480949","IL15RA","interleukin 15 receptor subunit alpha [Source:HGNC Symbol;Acc:HGNC:5978]","UNIPROTSWISSPROT_ACC,UNIPROT_GN_ACC"
"Q96EZ4","ENSP00000308330","MYEOV","myeloma overexpressed [Source:HGNC Symbol;Acc:HGNC:7563]","UNIPROTSWISSPROT_ACC,UNIPROT_GN_ACC"
"Q96EZ4","ENSP00000412482","MYEOV","myeloma overexpressed [Source:HGNC Symbol;Acc:HGNC:7563]","UNIPROTSWISSPROT_ACC,UNIPROT_GN_ACC"
"Q96EZ4","ENSP00000438100","MYEOV","myeloma overexpressed [Source:HGNC Symbol;Acc:HGNC:7563]","UNIPROTSWISSPROT_ACC,UNIPROT_GN_ACC"
"P52799","ENSP00000493716","EFNB2","ephrin B2 [Source:HGNC Symbol;Acc:HGNC:3227]","UNIPROTSWISSPROT_ACC,UNIPROT_GN_ACC"
"P42338","ENSP00000289153","PIK3CB","phosphatidylinositol-4,5-bisphosphate 3-kinase catalytic subunit beta [Source:HGNC Symbol;Acc:HGNC:8976]","UNIPROTSWISSPROT_ACC,UNIPROT_GN_ACC"
"P42338","ENSP00000417329","PIK3CB","phosphatidylinositol-4,5-bisphosphate 3-kinase catalytic subunit beta [Source:HGNC Symbol;Acc:HGNC:8976]","UNIPROTSWISSPROT_ACC,UNIPROT_GN_ACC"
"P42338","ENSP00000417869","PIK3CB","phosphatidylinositol-4,5-bisphosphate 3-kinase catalytic subunit beta [Source:HGNC Symbol;Acc:HGNC:8976]","UNIPROTSWISSPROT_ACC,UNIPROT_GN_ACC"
"P42338","ENSP00000418143","PIK3CB","phosphatidylinositol-4,5-bisphosphate 3-kinase catalytic subunit beta [Source:HGNC Symbol;Acc:HGNC:8976]","UNIPROTSWISSPROT_ACC,UNIPROT_GN_ACC"
"P42338","ENSP00000418834","PIK3CB","phosphatidylinositol-4,5-bisphosphate 3-kinase catalytic subunit beta [Source:HGNC Symbol;Acc:HGNC:8976]","UNIPROTSWISSPROT_ACC,UNIPROT_GN_ACC"
"P42338","ENSP00000419091","PIK3CB","phosphatidylinositol-4,5-bisphosphate 3-kinase catalytic subunit beta [Source:HGNC Symbol;Acc:HGNC:8976]","UNIPROTSWISSPROT_ACC,UNIPROT_GN_ACC"
"P42338","ENSP00000419513","PIK3CB","phosphatidylinositol-4,5-bisphosphate 3-kinase catalytic subunit beta [Source:HGNC Symbol;Acc:HGNC:8976]","UNIPROTSWISSPROT_ACC,UNIPROT_GN_ACC"
"P42338","ENSP00000419857","PIK3CB","phosphatidylinositol-4,5-bisphosphate 3-kinase catalytic subunit beta [Source:HGNC Symbol;Acc:HGNC:8976]","UNIPROTSWISSPROT_ACC,UNIPROT_GN_ACC"
"P42338","ENSP00000420108","PIK3CB","phosphatidylinositol-4,5-bisphosphate 3-kinase catalytic subunit beta [Source:HGNC Symbol;Acc:HGNC:8976]","UNIPROTSWISSPROT_ACC,UNIPROT_GN_ACC"
"P42338","ENSP00000438259","PIK3CB","phosphatidylinositol-4,5-bisphosphate 3-kinase catalytic subunit beta [Source:HGNC Symbol;Acc:HGNC:8976]","UNIPROTSWISSPROT_ACC,UNIPROT_GN_ACC"
"P42338","ENSP00000501150","PIK3CB","phosphatidylinositol-4,5-bisphosphate 3-kinase catalytic subunit beta [Source:HGNC Symbol;Acc:HGNC:8976]","UNIPROTSWISSPROT_ACC,UNIPROT_GN_ACC"
"Q9NZU0","ENSP00000339912","FLRT3","fibronectin leucine rich transmembrane protein 3 [Source:HGNC Symbol;Acc:HGNC:3762]","UNIPROTSWISSPROT_ACC,UNIPROT_GN_ACC"
"Q9NZU0","ENSP00000367292","FLRT3","fibronectin leucine rich transmembrane protein 3 [Source:HGNC Symbol;Acc:HGNC:3762]","UNIPROTSWISSPROT_ACC,UNIPROT_GN_ACC"
"Q8IWA5","ENSP00000336888","SLC44A2","solute carrier family 44 member 2 [Source:HGNC Symbol;Acc:HGNC:17292]","UNIPROTSWISSPROT_ACC,UNIPROT_GN_ACC"
"Q8IWA5","ENSP00000385135","SLC44A2","solute carrier family 44 member 2 [Source:HGNC Symbol;Acc:HGNC:17292]","UNIPROTSWISSPROT_ACC,UNIPROT_GN_ACC"
"Q8IWA5","ENSP00000465547","SLC44A2","solute carrier family 44 member 2 [Source:HGNC Symbol;Acc:HGNC:17292]","UNIPROTSWISSPROT_ACC,UNIPROT_GN_ACC"
"Q8IWA5","ENSP00000466575","SLC44A2","solute carrier family 44 member 2 [Source:HGNC Symbol;Acc:HGNC:17292]","UNIPROTSWISSPROT_ACC,UNIPROT_GN_ACC"
"Q8IWA5","ENSP00000466612","SLC44A2","solute carrier family 44 member 2 [Source:HGNC Symbol;Acc:HGNC:17292]","UNIPROTSWISSPROT_ACC,UNIPROT_GN_ACC"
"Q8IWA5","ENSP00000466664","SLC44A2","solute carrier family 44 member 2 [Source:HGNC Symbol;Acc:HGNC:17292]","UNIPROTSWISSPROT_ACC,UNIPROT_GN_ACC"
"Q8IWA5","ENSP00000467552","SLC44A2","solute carrier family 44 member 2 [Source:HGNC Symbol;Acc:HGNC:17292]","UNIPROTSWISSPROT_ACC,UNIPROT_GN_ACC"
"Q8IWA5","ENSP00000468070","SLC44A2","solute carrier family 44 member 2 [Source:HGNC Symbol;Acc:HGNC:17292]","UNIPROTSWISSPROT_ACC,UNIPROT_GN_ACC"
"Q8IWA5","ENSP00000468691","SLC44A2","solute carrier family 44 member 2 [Source:HGNC Symbol;Acc:HGNC:17292]","UNIPROTSWISSPROT_ACC,UNIPROT_GN_ACC"
"Q8IWA5","ENSP00000468812","SLC44A2","solute carrier family 44 member 2 [Source:HGNC Symbol;Acc:HGNC:17292]","UNIPROTSWISSPROT_ACC,UNIPROT_GN_ACC"
"Q9BXS6","ENSP00000260359","NUSAP1","nucleolar and spindle associated protein 1 [Source:HGNC Symbol;Acc:HGNC:18538]","UNIPROTSWISSPROT_ACC,UNIPROT_GN_ACC"
"Q9BXS6","ENSP00000400746","NUSAP1","nucleolar and spindle associated protein 1 [Source:HGNC Symbol;Acc:HGNC:18538]","UNIPROTSWISSPROT_ACC,UNIPROT_GN_ACC"
"Q9BXS6","ENSP00000401014","NUSAP1","nucleolar and spindle associated protein 1 [Source:HGNC Symbol;Acc:HGNC:18538]","UNIPROTSWISSPROT_ACC,UNIPROT_GN_ACC"
"Q9BXS6","ENSP00000452725","NUSAP1","nucleolar and spindle associated protein 1 [Source:HGNC Symbol;Acc:HGNC:18538]","UNIPROTSWISSPROT_ACC,UNIPROT_GN_ACC"
"Q9BXS6","ENSP00000453403","NUSAP1","nucleolar and spindle associated protein 1 [Source:HGNC Symbol;Acc:HGNC:18538]","UNIPROTSWISSPROT_ACC,UNIPROT_GN_ACC"
"Q9BXS6","ENSP00000453428","NUSAP1","nucleolar and spindle associated protein 1 [Source:HGNC Symbol;Acc:HGNC:18538]","UNIPROTSWISSPROT_ACC,UNIPROT_GN_ACC"
"Q9BXS6","ENSP00000453558","NUSAP1","nucleolar and spindle associated protein 1 [Source:HGNC Symbol;Acc:HGNC:18538]","UNIPROTSWISSPROT_ACC,UNIPROT_GN_ACC"
"Q9BXS6","ENSP00000453657","NUSAP1","nucleolar and spindle associated protein 1 [Source:HGNC Symbol;Acc:HGNC:18538]","UNIPROTSWISSPROT_ACC,UNIPROT_GN_ACC"
"Q9BXS6","ENSP00000454097","NUSAP1","nucleolar and spindle associated protein 1 [Source:HGNC Symbol;Acc:HGNC:18538]","UNIPROTSWISSPROT_ACC,UNIPROT_GN_ACC"
"Q9BXS6","ENSP00000499238","NUSAP1","nucleolar and spindle associated protein 1 [Source:HGNC Symbol;Acc:HGNC:18538]","UNIPROTSWISSPROT_ACC,UNIPROT_GN_ACC"
"Q5VZF2","ENSP00000267287","MBNL2","muscleblind like splicing regulator 2 [Source:HGNC Symbol;Acc:HGNC:16746]","UNIPROTSWISSPROT_ACC,UNIPROT_GN_ACC"
"Q5VZF2","ENSP00000344214","MBNL2","muscleblind like splicing regulator 2 [Source:HGNC Symbol;Acc:HGNC:16746]","UNIPROTSWISSPROT_ACC,UNIPROT_GN_ACC"
"Q5VZF2","ENSP00000365861","MBNL2","muscleblind like splicing regulator 2 [Source:HGNC Symbol;Acc:HGNC:16746]","UNIPROTSWISSPROT_ACC,UNIPROT_GN_ACC"
"Q5VZF2","ENSP00000380726","MBNL2","muscleblind like splicing regulator 2 [Source:HGNC Symbol;Acc:HGNC:16746]","UNIPROTSWISSPROT_ACC,UNIPROT_GN_ACC"
"Q5VZF2","ENSP00000404202","MBNL2","muscleblind like splicing regulator 2 [Source:HGNC Symbol;Acc:HGNC:16746]","UNIPROTSWISSPROT_ACC,UNIPROT_GN_ACC"
"Q5VZF2","ENSP00000432422","MBNL2","muscleblind like splicing regulator 2 [Source:HGNC Symbol;Acc:HGNC:16746]","UNIPROTSWISSPROT_ACC,UNIPROT_GN_ACC"
"Q5VZF2","ENSP00000505596","MBNL2","muscleblind like splicing regulator 2 [Source:HGNC Symbol;Acc:HGNC:16746]","UNIPROTSWISSPROT_ACC,UNIPROT_GN_ACC"
"Q5VZF2","ENSP00000508849","MBNL2","muscleblind like splicing regulator 2 [Source:HGNC Symbol;Acc:HGNC:16746]","UNIPROTSWISSPROT_ACC,UNIPROT_GN_ACC"
"Q5VZF2","ENSP00000510541","MBNL2","muscleblind like splicing regulator 2 [Source:HGNC Symbol;Acc:HGNC:16746]","UNIPROTSWISSPROT_ACC,UNIPROT_GN_ACC"
"Q5VZF2","ENSP00000515872","MBNL2","muscleblind like splicing regulator 2 [Source:HGNC Symbol;Acc:HGNC:16746]","UNIPROTSWISSPROT_ACC,UNIPROT_GN_ACC"
"Q5VZF2","ENSP00000515878","MBNL2","muscleblind like splicing regulator 2 [Source:HGNC Symbol;Acc:HGNC:16746]","UNIPROTSWISSPROT_ACC,UNIPROT_GN_ACC"